rounds | onuID | actualTime | nlocal_updates | computingTime | computingTimeNetworkDelay 
  1 | 34 | 2077,13295 |  0 | 2041,21709 | 2077,13295 
  1 | 58 | 2284,78850 |  1 | 2240,24827 | 2284,78850 
  1 | 33 | 2296,85452 |  2 | 2251,23385 | 2296,85452 
  1 | 35 | 2348,94158 |  3 | 2311,22287 | 2348,94158 
  1 | 26 | 2418,01348 |  4 | 2374,18922 | 2418,01348 
  1 | 39 | 2445,13353 |  5 | 2396,79634 | 2445,13353 
  1 | 17 | 2474,36078 |  6 | 2428,61525 | 2474,36078 
  1 | 54 | 2577,12956 |  7 | 2535,04207 | 2577,12956 
  1 | 37 | 2608,20600 |  8 | 2557,81924 | 2608,20600 
  1 | 29 | 2640,17554 |  9 | 2586,67494 | 2640,17554 
  1 | 62 | 2644,16008 | 10 | 2590,62016 | 2644,16008 
  1 | 42 | 2747,82781 | 11 | 2682,31358 | 2747,82781 
  1 | 49 | 2752,47663 | 12 | 2684,01596 | 2752,47663 
  1 | 38 | 2765,95136 | 13 | 2690,70230 | 2765,95136 
  1 | 19 | 2798,05486 | 14 | 2712,97253 | 2798,05486 
  1 | 45 | 2815,87506 | 15 | 2725,16636 | 2815,87506 
  1 | 32 | 2828,52904 | 16 | 2734,70561 | 2828,52904 
  1 | 60 | 2846,30884 | 17 | 2750,64376 | 2846,30884 
  1 | 31 | 2878,97258 | 18 | 2781,83449 | 2878,97258 
  1 | 36 | 2885,62426 | 19 | 2787,89187 | 2885,62426 
  1 | 52 | 2899,60022 | 20 | 2798,67021 | 2899,60022 
  1 | 10 | 2902,00767 | 21 | 2800,11776 | 2902,00767 
  1 | 41 | 2973,78571 | 22 | 2865,65637 | 2973,78571 
  1 | 28 | 2977,04849 | 23 | 2867,84139 | 2977,04849 
  1 | 53 | 3000,82470 | 24 | 2885,19426 | 3000,82470 
  1 | 44 | 3001,23002 | 25 | 2885,95293 | 3001,23002 
  1 | 63 | 3010,02499 | 26 | 2892,28372 | 3010,02499 
  1 | 51 | 3041,31378 | 27 | 2918,13730 | 3041,31378 
  1 | 59 | 3086,09126 | 28 | 2951,67303 | 3086,09126 
  1 | 40 | 3087,84014 | 29 | 2953,23134 | 3087,84014 
  1 | 55 | 3115,96230 | 30 | 2976,55370 | 3115,96230 
  1 | 61 | 3123,88997 | 31 | 2983,24822 | 3123,88997 
  1 | 43 | 3128,30126 | 32 | 2987,51197 | 3128,30126 
  1 | 47 | 3129,78013 | 33 | 2988,18540 | 3129,78013 
  1 | 50 | 3169,15739 | 34 | 3028,36806 | 3169,15739 
  1 | 27 | 3176,27743 | 35 | 3035,25220 | 3176,27743 
  1 | 30 | 3196,49384 | 36 | 3057,95182 | 3196,49384 
  1 | 56 | 3196,59034 | 37 | 3058,34733 | 3196,59034 
  1 | 48 | 3220,41803 | 38 | 3090,26084 | 3220,41803 
  1 | 46 | 3220,87035 | 39 | 3090,89236 | 3220,87035 
  1 | 57 | 3237,21468 | 40 | 3115,25999 | 3237,21468 
  1 | 22 | 3245,99682 | 41 | 3133,34049 | 3245,99682 
  1 | 18 | 3496,02053 | 42 | 3459,06304 | 3496,02053 
  1 | 21 | 4068,51147 | 43 | 4027,40096 | 4068,51147 
  1 |  4 | 4196,26566 | 44 | 4156,52410 | 4196,26566 
  1 | 13 | 4246,62857 | 45 | 4209,85627 | 4246,62857 
  1 | 11 | 4698,39744 | 46 | 4660,27829 | 4698,39744 
  1 |  5 | 4828,48297 | 47 | 4789,64959 | 4828,48297 
  1 |  7 | 5023,52321 | 48 | 4985,44006 | 5023,52321 
  1 | 12 | 5147,57381 | 49 | 5085,35740 | 5147,57381 
  1 | 23 | 5152,73186 | 50 | 5088,18013 | 5152,73186 
  1 |  1 | 5156,91663 | 51 | 5091,32005 | 5156,91663 
  1 |  2 | 5358,92273 | 52 | 5317,52296 | 5358,92273 
  1 | 15 | 5590,05423 | 53 | 5549,60947 | 5590,05423 
  1 | 16 | 5808,51018 | 54 | 5772,47244 | 5808,51018 
  1 |  8 | 5884,54103 | 55 | 5848,65947 | 5884,54103 
  1 | 24 | 6285,12426 | 56 | 6247,76945 | 6285,12426 
  1 | 14 | 6519,26797 | 57 | 6470,98801 | 6519,26797 
  1 | 25 | 6543,29629 | 58 | 6491,94415 | 6543,29629 
  1 |  6 | 6619,75929 | 59 | 6581,45972 | 6619,75929 
  1 | 20 | 6755,05608 | 60 | 6716,86861 | 6755,05608 
  1 |  0 | 7035,43924 | 61 | 6998,26177 | 7035,43924 
  1 |  9 | 7075,04421 | 62 | 7038,40976 | 7075,04421 
  1 |  3 | 7228,20600 | 63 | 7191,79636 | 7228,20600 
  2 |  0 | 14221,96457 |  0 | 6942,93947 | 6993,68505 
  2 |  9 | 14269,62606 |  1 | 6991,83792 | 7041,34654 
  2 | 54 | 14456,90260 |  2 | 2525,45804 | 7228,62308 
  2 | 61 | 14456,94192 |  3 | 3045,34362 | 7228,66240 
  2 | 22 | 14456,95659 |  4 | 3050,52443 | 7228,67707 
  2 | 62 | 14456,95697 |  5 | 2578,40504 | 7228,67745 
  2 | 12 | 14456,98231 |  6 | 5093,49733 | 7228,70279 
  2 | 41 | 14457,02850 |  7 | 2869,57713 | 7228,74898 
  2 | 56 | 14457,02882 |  8 | 3051,53944 | 7228,74930 
  2 | 40 | 14457,06125 |  9 | 2954,55557 | 7228,78173 
  2 | 34 | 14457,06917 | 10 | 2039,50888 | 7228,78964 
  2 | 31 | 14457,09533 | 11 | 2787,51963 | 7228,81581 
  2 | 58 | 14457,10280 | 12 | 2242,57382 | 7228,82328 
  2 | 46 | 14457,11568 | 13 | 3183,66794 | 7228,83616 
  2 | 63 | 14457,11720 | 14 | 2884,62850 | 7228,83768 
  2 | 55 | 14457,13483 | 15 | 2977,61365 | 7228,85531 
  2 | 18 | 14457,14734 | 16 | 3469,69916 | 7228,86782 
  2 | 14 | 14457,15635 | 17 | 6404,69144 | 7228,87683 
  2 | 47 | 14457,16148 | 18 | 2986,56072 | 7228,88196 
  2 | 52 | 14457,16596 | 19 | 2762,61995 | 7228,88644 
  2 | 15 | 14457,18054 | 20 | 5538,69739 | 7228,90102 
  2 | 60 | 14457,20124 | 21 | 2785,75588 | 7228,92172 
  2 | 10 | 14457,21083 | 22 | 2800,77342 | 7228,93131 
  2 | 33 | 14457,26193 | 23 | 2203,68919 | 7228,98241 
  2 | 20 | 14457,26794 | 24 | 6775,66721 | 7228,98842 
  2 | 17 | 14457,29732 | 25 | 2434,75793 | 7229,01780 
  2 | 57 | 14457,32141 | 26 | 3035,77411 | 7229,04189 
  2 | 30 | 14457,32573 | 27 | 3090,79931 | 7229,04621 
  2 |  8 | 14457,33579 | 28 | 5957,87283 | 7229,05627 
  2 | 45 | 14457,35094 | 29 | 2707,89593 | 7229,07142 
  2 | 44 | 14457,38772 | 30 | 2882,81117 | 7229,10820 
  2 | 19 | 14457,39828 | 31 | 2716,86180 | 7229,11876 
  2 | 59 | 14457,40005 | 32 | 3120,95060 | 7229,12053 
  2 |  6 | 14457,41882 | 33 | 6463,84710 | 7229,13929 
  2 | 53 | 14457,44661 | 34 | 2925,99096 | 7229,16709 
  2 | 39 | 14457,45560 | 35 | 2389,94091 | 7229,17608 
  2 | 49 | 14457,46110 | 36 | 2679,92010 | 7229,18158 
  2 | 21 | 14457,46450 | 37 | 4013,95058 | 7229,18498 
  2 |  2 | 14457,47794 | 38 | 5200,99914 | 7229,19842 
  2 | 35 | 14457,48139 | 39 | 2306,93525 | 7229,20187 
  2 |  5 | 14457,48418 | 40 | 4795,02302 | 7229,20466 
  2 | 24 | 14457,51789 | 41 | 6260,91741 | 7229,23836 
  2 | 48 | 14457,52614 | 42 | 3083,05323 | 7229,24662 
  2 | 25 | 14457,54972 | 43 | 6498,93817 | 7229,27020 
  2 | 13 | 14457,58121 | 44 | 4201,01689 | 7229,30169 
  2 |  4 | 14457,59952 | 45 | 4268,10997 | 7229,32000 
  2 | 27 | 14457,60341 | 46 | 3033,00392 | 7229,32389 
  2 | 29 | 14457,63773 | 47 | 2579,11723 | 7229,35821 
  2 | 11 | 14457,64668 | 48 | 4656,09574 | 7229,36716 
  2 |  7 | 14457,66500 | 49 | 4990,14079 | 7229,38548 
  2 |  1 | 14457,69338 | 50 | 5078,21482 | 7229,41386 
  2 | 37 | 14457,69342 | 51 | 2535,21315 | 7229,41390 
  2 | 51 | 14457,70122 | 52 | 2940,24204 | 7229,42170 
  2 | 26 | 14457,70251 | 53 | 2447,25645 | 7229,42299 
  2 | 16 | 14457,70378 | 54 | 5655,23839 | 7229,42426 
  2 | 36 | 14457,70874 | 55 | 2784,17763 | 7229,42922 
  2 | 32 | 14457,77970 | 56 | 2661,20957 | 7229,50018 
  2 | 38 | 14457,78153 | 57 | 2679,21346 | 7229,50201 
  2 | 50 | 14457,80098 | 58 | 2958,24481 | 7229,52146 
  2 | 43 | 14457,80170 | 59 | 2981,29591 | 7229,52218 
  2 | 42 | 14457,83296 | 60 | 2679,26954 | 7229,55344 
  2 | 28 | 14457,93093 | 61 | 2874,37562 | 7229,65141 
  2 | 23 | 14457,93511 | 62 | 5158,42061 | 7229,65559 
  2 |  3 | 14458,18408 | 63 | 7178,10952 | 7229,90456 
  3 |  0 | 21443,64706 |  0 | 6938,05828 | 6985,38946 
  3 |  9 | 21501,31148 |  1 | 6992,91033 | 7043,05388 
  3 |  7 | 21687,01548 |  2 | 4978,60904 | 7228,75788 
  3 | 54 | 21687,12224 |  3 | 2525,68035 | 7228,86464 
  3 | 58 | 21687,12232 |  4 | 2240,67796 | 7228,86473 
  3 | 52 | 21687,13195 |  5 | 2761,73001 | 7228,87435 
  3 | 55 | 21687,15531 |  6 | 2967,68838 | 7228,89771 
  3 | 35 | 21687,15744 |  7 | 2309,69353 | 7228,89984 
  3 | 56 | 21687,15845 |  8 | 3162,74206 | 7228,90085 
  3 | 24 | 21687,19474 |  9 | 6260,77314 | 7228,93714 
  3 | 26 | 21687,19689 | 10 | 2379,77413 | 7228,93929 
  3 | 23 | 21687,20214 | 11 | 5076,67748 | 7228,94454 
  3 | 14 | 21687,21166 | 12 | 6400,70752 | 7228,95406 
  3 | 27 | 21687,21713 | 13 | 3034,77089 | 7228,95953 
  3 | 42 | 21687,24720 | 14 | 2733,80161 | 7228,98960 
  3 | 39 | 21687,25788 | 15 | 2394,75011 | 7229,00028 
  3 | 63 | 21687,26080 | 16 | 2882,83905 | 7229,00320 
  3 | 37 | 21687,26615 | 17 | 2527,86743 | 7229,00856 
  3 | 47 | 21687,26815 | 18 | 2981,81461 | 7229,01055 
  3 |  6 | 21687,28233 | 19 | 6450,81055 | 7229,02474 
  3 |  4 | 21687,28766 | 20 | 4150,81694 | 7229,03006 
  3 | 16 | 21687,29293 | 21 | 5642,85138 | 7229,03533 
  3 | 17 | 21687,30571 | 22 | 2426,77719 | 7229,04811 
  3 | 33 | 21687,33981 | 23 | 2205,86169 | 7229,08221 
  3 | 59 | 21687,36050 | 24 | 2962,97044 | 7229,10290 
  3 | 48 | 21687,36241 | 25 | 3084,89947 | 7229,10481 
  3 |  5 | 21687,41749 | 26 | 4804,99643 | 7229,15989 
  3 | 18 | 21687,42353 | 27 | 3638,94213 | 7229,16593 
  3 | 12 | 21687,44432 | 28 | 5167,92867 | 7229,18672 
  3 | 60 | 21687,45444 | 29 | 2745,00508 | 7229,19684 
  3 | 57 | 21687,50027 | 30 | 3033,03753 | 7229,24267 
  3 | 43 | 21687,51297 | 31 | 3012,12159 | 7229,25537 
  3 | 22 | 21687,59068 | 32 | 3049,15750 | 7229,33308 
  3 | 19 | 21687,59651 | 33 | 2798,15075 | 7229,33892 
  3 | 20 | 21687,62363 | 34 | 6706,11247 | 7229,36603 
  3 | 38 | 21687,63757 | 35 | 2681,14155 | 7229,37997 
  3 | 41 | 21687,64535 | 36 | 2867,14984 | 7229,38775 
  3 | 44 | 21687,64537 | 37 | 2884,17044 | 7229,38777 
  3 | 25 | 21687,65386 | 38 | 6489,16683 | 7229,39626 
  3 | 50 | 21687,66954 | 39 | 2950,19884 | 7229,41194 
  3 | 10 | 21687,66959 | 40 | 2798,22151 | 7229,41199 
  3 | 61 | 21687,67190 | 41 | 2985,27281 | 7229,41430 
  3 | 32 | 21687,68105 | 42 | 2664,21422 | 7229,42345 
  3 | 15 | 21687,72509 | 43 | 5621,30312 | 7229,46749 
  3 |  1 | 21687,72980 | 44 | 5090,24760 | 7229,47221 
  3 | 49 | 21687,73195 | 45 | 2682,32536 | 7229,47435 
  3 | 13 | 21687,75741 | 46 | 4198,36766 | 7229,49981 
  3 | 36 | 21687,76093 | 47 | 2784,37291 | 7229,50333 
  3 | 21 | 21687,76114 | 48 | 4021,34394 | 7229,50354 
  3 |  8 | 21687,76752 | 49 | 5845,29651 | 7229,50993 
  3 | 28 | 21687,76809 | 50 | 2864,28613 | 7229,51049 
  3 | 30 | 21687,77444 | 51 | 3052,39773 | 7229,51684 
  3 | 34 | 21687,81574 | 52 | 2042,40696 | 7229,55814 
  3 | 51 | 21687,83286 | 53 | 2914,34292 | 7229,57526 
  3 | 53 | 21687,84928 | 54 | 2885,46979 | 7229,59168 
  3 | 45 | 21687,85315 | 55 | 2719,34357 | 7229,59555 
  3 |  2 | 21687,91710 | 56 | 5326,46429 | 7229,65950 
  3 | 11 | 21687,93284 | 57 | 4663,44048 | 7229,67525 
  3 | 29 | 21687,94992 | 58 | 2648,46751 | 7229,69232 
  3 | 62 | 21687,95126 | 59 | 2581,48828 | 7229,69366 
  3 | 40 | 21687,98094 | 60 | 2951,48429 | 7229,72334 
  3 | 31 | 21688,06689 | 61 | 2782,60497 | 7229,80929 
  3 | 46 | 21688,06838 | 62 | 3081,58914 | 7229,81078 
  3 |  3 | 21824,19466 | 63 | 7328,02986 | 7365,93706 
  4 |  0 | 28823,64197 |  0 | 6945,43194 | 6999,37379 
  4 |  9 | 28888,10542 |  1 | 6998,44522 | 7063,83724 
  4 | 22 | 29070,19883 |  2 | 3052,78609 | 7245,93065 
  4 | 11 | 29070,21650 |  3 | 4655,77046 | 7245,94832 
  4 | 12 | 29070,23242 |  4 | 5249,81573 | 7245,96424 
  4 | 62 | 29070,24508 |  5 | 2580,85286 | 7245,97690 
  4 | 41 | 29070,26223 |  6 | 2869,88259 | 7245,99405 
  4 | 47 | 29070,28774 |  7 | 2983,88989 | 7246,01956 
  4 | 15 | 29070,33335 |  8 | 5535,86692 | 7246,06516 
  4 | 28 | 29070,34483 |  9 | 2870,88718 | 7246,07664 
  4 | 17 | 29070,35186 | 10 | 2425,86510 | 7246,08368 
  4 | 40 | 29070,37098 | 11 | 2951,97580 | 7246,10280 
  4 | 19 | 29070,37805 | 12 | 2708,92721 | 7246,10987 
  4 | 14 | 29070,37892 | 13 | 6412,95915 | 7246,11074 
  4 | 61 | 29070,40822 | 14 | 2983,00528 | 7246,14004 
  4 | 38 | 29070,42197 | 15 | 2682,03659 | 7246,15379 
  4 | 32 | 29070,43059 | 16 | 2724,95375 | 7246,16241 
  4 | 33 | 29070,43561 | 17 | 2206,94439 | 7246,16743 
  4 |  6 | 29070,43762 | 18 | 6601,00377 | 7246,16944 
  4 | 39 | 29070,45199 | 19 | 2389,98330 | 7246,18381 
  4 | 49 | 29070,47048 | 20 | 2680,03082 | 7246,20230 
  4 | 46 | 29070,48738 | 21 | 3090,05175 | 7246,21920 
  4 | 18 | 29070,50388 | 22 | 3459,01585 | 7246,23570 
  4 | 52 | 29070,52095 | 23 | 2764,08446 | 7246,25277 
  4 | 30 | 29070,53862 | 24 | 3053,06126 | 7246,27044 
  4 | 44 | 29070,54780 | 25 | 2882,10565 | 7246,27962 
  4 | 58 | 29070,55614 | 26 | 2243,05799 | 7246,28796 
  4 | 60 | 29070,58106 | 27 | 2748,18927 | 7246,31288 
  4 | 45 | 29070,58710 | 28 | 2709,12723 | 7246,31891 
  4 | 21 | 29070,58867 | 29 | 4021,09270 | 7246,32049 
  4 | 34 | 29070,60685 | 30 | 2040,15357 | 7246,33867 
  4 | 35 | 29070,61488 | 31 | 2306,18007 | 7246,34670 
  4 | 53 | 29070,62522 | 32 | 2963,15378 | 7246,35704 
  4 |  7 | 29070,64285 | 33 | 4987,19394 | 7246,37467 
  4 | 50 | 29070,64381 | 34 | 2957,22118 | 7246,37563 
  4 | 29 | 29070,65609 | 35 | 2586,24495 | 7246,38791 
  4 | 48 | 29070,65930 | 36 | 3084,22225 | 7246,39112 
  4 | 16 | 29070,69357 | 37 | 5642,25480 | 7246,42539 
  4 | 31 | 29070,69960 | 38 | 2785,26135 | 7246,43142 
  4 | 20 | 29070,70421 | 39 | 6716,21584 | 7246,43603 
  4 | 23 | 29070,72917 | 40 | 5085,33400 | 7246,46099 
  4 | 55 | 29070,73454 | 41 | 2973,24974 | 7246,46636 
  4 | 63 | 29070,75015 | 42 | 2883,28404 | 7246,48197 
  4 | 56 | 29070,77889 | 43 | 3057,29280 | 7246,51071 
  4 | 13 | 29070,79737 | 44 | 4273,38663 | 7246,52918 
  4 |  8 | 29070,81928 | 45 | 5855,43030 | 7246,55110 
  4 | 10 | 29070,82542 | 46 | 2796,37458 | 7246,55724 
  4 |  1 | 29070,88917 | 47 | 5084,41365 | 7246,62099 
  4 | 24 | 29070,92050 | 48 | 6246,49365 | 7246,65232 
  4 | 26 | 29070,92797 | 49 | 2424,49334 | 7246,65979 
  4 | 42 | 29070,94157 | 50 | 2681,45888 | 7246,67339 
  4 |  2 | 29070,97888 | 51 | 5210,54733 | 7246,71069 
  4 | 37 | 29071,00992 | 52 | 2589,56121 | 7246,74173 
  4 | 51 | 29071,01546 | 53 | 2919,56316 | 7246,74728 
  4 |  4 | 29071,06059 | 54 | 4153,64680 | 7246,79241 
  4 |  5 | 29071,08132 | 55 | 4813,67747 | 7246,81314 
  4 | 59 | 29071,09241 | 56 | 2950,68795 | 7246,82423 
  4 | 57 | 29071,10224 | 57 | 3036,62651 | 7246,83406 
  4 | 54 | 29071,12240 | 58 | 2684,69961 | 7246,85422 
  4 | 27 | 29071,12312 | 59 | 3034,72942 | 7246,85494 
  4 | 25 | 29071,14897 | 60 | 6697,70435 | 7246,88079 
  4 | 36 | 29071,15109 | 61 | 2793,75415 | 7246,88291 
  4 | 43 | 29071,18027 | 62 | 2985,73688 | 7246,91208 
  4 |  3 | 29144,25269 | 63 | 7277,13426 | 7319,98451 
  5 |  0 | 36148,24500 |  0 | 6944,87558 | 7003,91879 
  5 |  9 | 36211,03076 |  1 | 7001,89794 | 7066,70455 
  5 | 35 | 36399,53763 |  2 | 2310,08606 | 7255,21143 
  5 |  7 | 36399,57006 |  3 | 4981,06767 | 7255,24386 
  5 |  4 | 36399,61858 |  4 | 4537,16543 | 7255,29237 
  5 | 18 | 36399,63012 |  5 | 3500,15488 | 7255,30391 
  5 | 12 | 36399,66032 |  6 | 5082,15554 | 7255,33412 
  5 | 49 | 36399,66073 |  7 | 2682,18474 | 7255,33452 
  5 | 56 | 36399,68132 |  8 | 3051,11293 | 7255,35512 
  5 | 14 | 36399,76217 |  9 | 6415,23750 | 7255,43596 
  5 | 10 | 36399,76593 | 10 | 2807,25134 | 7255,43973 
  5 | 57 | 36399,80839 | 11 | 3038,26597 | 7255,48218 
  5 | 40 | 36399,81019 | 12 | 2986,26411 | 7255,48398 
  5 |  6 | 36399,82533 | 13 | 6467,26878 | 7255,49912 
  5 | 38 | 36399,82883 | 14 | 2681,34811 | 7255,50262 
  5 | 58 | 36399,86914 | 15 | 2247,37424 | 7255,54293 
  5 | 42 | 36399,87068 | 16 | 2684,35416 | 7255,54447 
  5 | 54 | 36399,87970 | 17 | 2561,43075 | 7255,55349 
  5 | 62 | 36399,88385 | 18 | 2585,34583 | 7255,55764 
  5 | 36 | 36399,91619 | 19 | 2785,43946 | 7255,58998 
  5 | 37 | 36399,91921 | 20 | 2527,37929 | 7255,59300 
  5 | 53 | 36399,94691 | 21 | 2888,50610 | 7255,62070 
  5 |  1 | 36399,95258 | 22 | 5165,44481 | 7255,62638 
  5 | 17 | 36399,96154 | 23 | 2432,44255 | 7255,63533 
  5 | 27 | 36399,96367 | 24 | 3039,40656 | 7255,63746 
  5 | 11 | 36399,97602 | 25 | 4789,49106 | 7255,64981 
  5 | 32 | 36399,98034 | 26 | 2661,45664 | 7255,65413 
  5 | 31 | 36399,98369 | 27 | 2783,46070 | 7255,65748 
  5 | 25 | 36400,00517 | 28 | 6494,51552 | 7255,67896 
  5 |  8 | 36400,00817 | 29 | 5869,47531 | 7255,68196 
  5 | 43 | 36400,00966 | 30 | 2983,49487 | 7255,68346 
  5 | 47 | 36400,01227 | 31 | 2987,52392 | 7255,68606 
  5 | 63 | 36400,01623 | 32 | 2890,55436 | 7255,69003 
  5 | 44 | 36400,02064 | 33 | 2903,50228 | 7255,69443 
  5 | 34 | 36400,02326 | 34 | 2047,45351 | 7255,69705 
  5 | 15 | 36400,02681 | 35 | 5645,49221 | 7255,70060 
  5 | 55 | 36400,06965 | 36 | 2991,58236 | 7255,74345 
  5 | 21 | 36400,12206 | 37 | 4022,58450 | 7255,79585 
  5 | 24 | 36400,13990 | 38 | 6331,65329 | 7255,81369 
  5 | 41 | 36400,15103 | 39 | 2871,66859 | 7255,82482 
  5 | 20 | 36400,15491 | 40 | 6716,69849 | 7255,82870 
  5 | 33 | 36400,17547 | 41 | 2208,67478 | 7255,84927 
  5 | 48 | 36400,19431 | 42 | 3089,64902 | 7255,86810 
  5 | 39 | 36400,19455 | 43 | 2395,65327 | 7255,86834 
  5 | 61 | 36400,20428 | 44 | 2988,69131 | 7255,87807 
  5 | 51 | 36400,21077 | 45 | 2915,73374 | 7255,88456 
  5 | 28 | 36400,23285 | 46 | 2900,69655 | 7255,90664 
  5 | 59 | 36400,26031 | 47 | 2953,80427 | 7255,93410 
  5 |  5 | 36400,30429 | 48 | 4797,80746 | 7255,97808 
  5 | 50 | 36400,30902 | 49 | 2949,76238 | 7255,98281 
  5 | 30 | 36400,31135 | 50 | 3057,85928 | 7255,98514 
  5 | 52 | 36400,31742 | 51 | 2768,79124 | 7255,99121 
  5 | 22 | 36400,38179 | 52 | 3053,87744 | 7256,05558 
  5 | 26 | 36400,38441 | 53 | 2375,89781 | 7256,05820 
  5 | 29 | 36400,38980 | 54 | 2579,94948 | 7256,06359 
  5 | 19 | 36400,39669 | 55 | 2724,95492 | 7256,07048 
  5 | 46 | 36400,40860 | 56 | 3167,93181 | 7256,08239 
  5 | 13 | 36400,46110 | 57 | 4204,95792 | 7256,13489 
  5 | 45 | 36400,47988 | 58 | 2712,97318 | 7256,15367 
  5 | 16 | 36400,49180 | 59 | 5649,01343 | 7256,16559 
  5 | 23 | 36400,49789 | 60 | 5085,05200 | 7256,17169 
  5 |  2 | 36400,55882 | 61 | 5209,10078 | 7256,23261 
  5 | 60 | 36400,61053 | 62 | 2748,07918 | 7256,28432 
  5 |  3 | 36646,67307 | 63 | 7460,41492 | 7502,34686 
  6 |  9 | 43921,82246 |  0 | 7213,31433 | 7275,07587 
  6 | 24 | 43932,91549 |  1 | 6259,95509 | 7286,16890 
  6 | 11 | 43932,94699 |  2 | 4663,99561 | 7286,20040 
  6 |  4 | 43932,98126 |  3 | 4247,08697 | 7286,23467 
  6 | 57 | 43933,01031 |  4 | 3094,09921 | 7286,26372 
  6 | 23 | 43933,02241 |  5 | 5268,13827 | 7286,27582 
  6 | 59 | 43933,02479 |  6 | 2952,13801 | 7286,27820 
  6 | 41 | 43933,02678 |  7 | 2871,10426 | 7286,28019 
  6 | 54 | 43933,08294 |  8 | 3016,09510 | 7286,33635 
  6 | 40 | 43933,12213 |  9 | 2950,16729 | 7286,37554 
  6 | 34 | 43933,12792 | 10 | 2288,22197 | 7286,38133 
  6 | 25 | 43933,14738 | 11 | 6489,23630 | 7286,40078 
  6 | 16 | 43933,15829 | 12 | 5783,22416 | 7286,41170 
  6 | 49 | 43933,17988 | 13 | 2821,21800 | 7286,43329 
  6 |  5 | 43933,21362 | 14 | 4802,19968 | 7286,46703 
  6 | 46 | 43933,22634 | 15 | 3142,25126 | 7286,47975 
  6 | 36 | 43933,25058 | 16 | 2782,28918 | 7286,50398 
  6 | 50 | 43933,29924 | 17 | 3120,31789 | 7286,55264 
  6 | 37 | 43933,30135 | 18 | 2732,35888 | 7286,55476 
  6 | 22 | 43933,32133 | 19 | 3079,41155 | 7286,57473 
  6 | 18 | 43933,34724 | 20 | 3459,46720 | 7286,60065 
  6 | 60 | 43933,34935 | 21 | 3156,37880 | 7286,60276 
  6 |  6 | 43933,34971 | 22 | 6637,46063 | 7286,60312 
  6 |  1 | 43933,35245 | 23 | 5081,43821 | 7286,60585 
  6 | 39 | 43933,35824 | 24 | 2666,47335 | 7286,61165 
  6 | 32 | 43933,36202 | 25 | 2661,48428 | 7286,61543 
  6 | 29 | 43933,37174 | 26 | 2752,39428 | 7286,62515 
  6 | 33 | 43933,38113 | 27 | 2547,40795 | 7286,63454 
  6 | 55 | 43933,39569 | 28 | 3044,43692 | 7286,64910 
  6 | 15 | 43933,41003 | 29 | 5749,51424 | 7286,66344 
  6 |  8 | 43933,41812 | 30 | 6609,42732 | 7286,67153 
  6 | 28 | 43933,42710 | 31 | 2944,43503 | 7286,68051 
  6 | 27 | 43933,42767 | 32 | 3454,52335 | 7286,68108 
  6 | 26 | 43933,42880 | 33 | 2376,52461 | 7286,68220 
  6 | 44 | 43933,43368 | 34 | 3253,48337 | 7286,68708 
  6 | 35 | 43933,43671 | 35 | 2305,48582 | 7286,69012 
  6 | 52 | 43933,44489 | 36 | 2852,51720 | 7286,69830 
  6 | 13 | 43933,44857 | 37 | 4356,46921 | 7286,70198 
  6 | 17 | 43933,46990 | 38 | 2914,51826 | 7286,72330 
  6 | 61 | 43933,49353 | 39 | 2987,50849 | 7286,74694 
  6 | 21 | 43933,59675 | 40 | 4022,73608 | 7286,85015 
  6 | 10 | 43933,63730 | 41 | 3232,71747 | 7286,89071 
  6 | 63 | 43933,64719 | 42 | 3006,76096 | 7286,90060 
  6 | 38 | 43933,65704 | 43 | 2773,73479 | 7286,91045 
  6 | 47 | 43933,68917 | 44 | 3164,71888 | 7286,94258 
  6 | 42 | 43933,70796 | 45 | 3048,80468 | 7286,96137 
  6 | 48 | 43933,73620 | 46 | 3084,83049 | 7286,98961 
  6 | 51 | 43933,75984 | 47 | 3108,89998 | 7287,01325 
  6 | 62 | 43933,77159 | 48 | 2576,83482 | 7287,02500 
  6 | 56 | 43933,78295 | 49 | 3147,88414 | 7287,03636 
  6 | 30 | 43933,78468 | 50 | 3134,86339 | 7287,03808 
  6 | 58 | 43933,78776 | 51 | 2298,91341 | 7287,04117 
  6 | 53 | 43933,79543 | 52 | 2886,81338 | 7287,04884 
  6 | 12 | 43933,80796 | 53 | 5317,90748 | 7287,06136 
  6 | 45 | 43933,81202 | 54 | 2718,86817 | 7287,06542 
  6 | 19 | 43933,82294 | 55 | 3158,85696 | 7287,07635 
  6 | 43 | 43933,83728 | 56 | 3079,86932 | 7287,09069 
  6 | 20 | 43933,85725 | 57 | 6883,96180 | 7287,11066 
  6 |  7 | 43933,87355 | 58 | 5239,94842 | 7287,12696 
  6 | 31 | 43933,90057 | 59 | 3003,93267 | 7287,15398 
  6 |  2 | 43933,91291 | 60 | 5316,01137 | 7287,16632 
  6 |  0 | 44052,47684 | 61 | 7366,52247 | 7405,73025 
  6 |  3 | 44146,62577 | 62 | 7460,41492 | 7499,87918 
  6 | 14 | 44281,60936 | 63 | 7593,44391 | 7634,86276 
  7 |  0 | 51369,98759 |  0 | 7025,44305 | 7088,34981 
  7 |  9 | 51396,13768 |  1 | 7045,72054 | 7114,49990 
  7 |  3 | 51574,82958 |  2 | 7228,71979 | 7293,19180 
  7 | 61 | 51611,37103 |  3 | 3108,58961 | 7329,73325 
  7 | 25 | 51611,46061 |  4 | 6851,64493 | 7329,82282 
  7 | 47 | 51611,51195 |  5 | 2996,63671 | 7329,87417 
  7 | 24 | 51611,51383 |  6 | 6454,69757 | 7329,87605 
  7 | 56 | 51611,53255 |  7 | 3061,74782 | 7329,89477 
  7 | 49 | 51611,54080 |  8 | 2687,69163 | 7329,90302 
  7 | 16 | 51611,55413 |  9 | 5663,72445 | 7329,91635 
  7 | 60 | 51611,57886 | 10 | 2770,76388 | 7329,94107 
  7 | 43 | 51611,65792 | 11 | 2995,87438 | 7330,02014 
  7 | 57 | 51611,69562 | 12 | 3219,81867 | 7330,05784 
  7 | 37 | 51611,69893 | 13 | 2534,89864 | 7330,06114 
  7 | 28 | 51611,70297 | 14 | 2871,81793 | 7330,06519 
  7 | 14 | 51611,72718 | 15 | 6593,92415 | 7330,08940 
  7 | 10 | 51611,73059 | 16 | 2921,93702 | 7330,09281 
  7 | 34 | 51611,75421 | 17 | 2168,88000 | 7330,11643 
  7 | 54 | 51611,77024 | 18 | 2542,91507 | 7330,13246 
  7 | 20 | 51611,78268 | 19 | 6773,99828 | 7330,14490 
  7 | 17 | 51611,79553 | 20 | 2431,00176 | 7330,15774 
  7 | 48 | 51611,82159 | 21 | 3202,95834 | 7330,18380 
  7 | 41 | 51611,82514 | 22 | 3026,02152 | 7330,18735 
  7 | 45 | 51611,84824 | 23 | 2980,00104 | 7330,21046 
  7 | 22 | 51611,85965 | 24 | 3077,99136 | 7330,22187 
  7 | 58 | 51611,86591 | 25 | 2247,08510 | 7330,22813 
  7 | 42 | 51611,87128 | 26 | 2757,10667 | 7330,23350 
  7 | 59 | 51611,89313 | 27 | 3127,12405 | 7330,25535 
  7 | 27 | 51611,92754 | 28 | 3050,07545 | 7330,28976 
  7 |  6 | 51611,92873 | 29 | 6475,09943 | 7330,29095 
  7 | 26 | 51611,93315 | 30 | 2518,17435 | 7330,29537 
  7 | 40 | 51611,93569 | 31 | 3106,13917 | 7330,29791 
  7 | 38 | 51611,94018 | 32 | 2778,14089 | 7330,30240 
  7 | 21 | 51611,96908 | 33 | 4087,10003 | 7330,33130 
  7 | 52 | 51611,97536 | 34 | 2913,10614 | 7330,33758 
  7 |  5 | 51611,99243 | 35 | 5269,20770 | 7330,35465 
  7 | 53 | 51612,04202 | 36 | 3002,22853 | 7330,40424 
  7 | 62 | 51612,11227 | 37 | 2701,34442 | 7330,47449 
  7 | 32 | 51612,11632 | 38 | 2778,33082 | 7330,47853 
  7 | 63 | 51612,11965 | 39 | 2910,27133 | 7330,48187 
  7 | 51 | 51612,13646 | 40 | 2925,35147 | 7330,49868 
  7 | 29 | 51612,16212 | 41 | 2620,39070 | 7330,52433 
  7 | 39 | 51612,16432 | 42 | 2401,37094 | 7330,52654 
  7 | 44 | 51612,18076 | 43 | 2947,31833 | 7330,54298 
  7 | 46 | 51612,18466 | 44 | 3090,42295 | 7330,54688 
  7 |  8 | 51612,19122 | 45 | 5942,36704 | 7330,55343 
  7 |  1 | 51612,19420 | 46 | 5342,37408 | 7330,55642 
  7 | 12 | 51612,19597 | 47 | 5442,36779 | 7330,55818 
  7 | 11 | 51612,20400 | 48 | 4938,38275 | 7330,56622 
  7 | 18 | 51612,22258 | 49 | 3573,43466 | 7330,58479 
  7 |  2 | 51612,22705 | 50 | 5436,39121 | 7330,58926 
  7 |  4 | 51612,23056 | 51 | 4163,40195 | 7330,59277 
  7 | 55 | 51612,24260 | 52 | 2982,49799 | 7330,60481 
  7 | 15 | 51612,28271 | 53 | 5577,50400 | 7330,64492 
  7 | 36 | 51612,28886 | 54 | 2894,49451 | 7330,65108 
  7 | 31 | 51612,31957 | 55 | 2794,54909 | 7330,68179 
  7 | 33 | 51612,32243 | 56 | 2217,54677 | 7330,68465 
  7 | 19 | 51612,33055 | 57 | 2858,54648 | 7330,69276 
  7 |  7 | 51612,33251 | 58 | 4995,50779 | 7330,69473 
  7 | 30 | 51612,33384 | 59 | 3068,55602 | 7330,69606 
  7 | 35 | 51612,38772 | 60 | 2358,57387 | 7330,74994 
  7 | 13 | 51612,40041 | 61 | 4215,56418 | 7330,76263 
  7 | 23 | 51612,41065 | 62 | 5109,58264 | 7330,77287 
  7 | 50 | 51612,44749 | 63 | 3141,64604 | 7330,80971 
  8 |  9 | 58679,98353 |  0 | 7008,02260 | 7067,45293 
  8 |  3 | 58861,65791 |  1 | 7196,90674 | 7249,12731 
  8 | 30 | 58942,43785 |  2 | 3057,79425 | 7329,90726 
  8 | 37 | 58942,49718 |  3 | 2531,84864 | 7329,96658 
  8 | 14 | 58942,50913 |  4 | 6427,85530 | 7329,97854 
  8 | 59 | 58942,51629 |  5 | 2957,87270 | 7329,98569 
  8 | 23 | 58942,53710 |  6 | 5088,88322 | 7330,00650 
  8 | 56 | 58942,55097 |  7 | 3058,90621 | 7330,02037 
  8 | 10 | 58942,55952 |  8 | 2803,88788 | 7330,02892 
  8 |  7 | 58942,57954 |  9 | 4994,94112 | 7330,04895 
  8 | 38 | 58942,59070 | 10 | 2684,92230 | 7330,06010 
  8 | 46 | 58942,60916 | 11 | 3089,87378 | 7330,07857 
  8 |  1 | 58942,61427 | 12 | 5098,97839 | 7330,08367 
  8 | 24 | 58942,62733 | 13 | 6261,94484 | 7330,09674 
  8 | 39 | 58942,65227 | 14 | 2395,93554 | 7330,12168 
  8 | 35 | 58942,65317 | 15 | 2313,90908 | 7330,12258 
  8 | 25 | 58942,68026 | 16 | 6511,98640 | 7330,14966 
  8 | 12 | 58942,72470 | 17 | 5099,06284 | 7330,19411 
  8 | 29 | 58942,72672 | 18 | 2581,07233 | 7330,19612 
  8 | 32 | 58942,73054 | 19 | 2669,09579 | 7330,19994 
  8 | 61 | 58942,74063 | 20 | 2993,09831 | 7330,21003 
  8 | 19 | 58942,74788 | 21 | 2718,04694 | 7330,21729 
  8 | 13 | 58942,75860 | 22 | 4210,11323 | 7330,22801 
  8 | 44 | 58942,76087 | 23 | 2901,12157 | 7330,23027 
  8 | 16 | 58942,80423 | 24 | 5651,13268 | 7330,27364 
  8 | 58 | 58942,80806 | 25 | 2250,13330 | 7330,27746 
  8 |  4 | 58942,81999 | 26 | 4160,14501 | 7330,28940 
  8 | 55 | 58942,82348 | 27 | 2976,17001 | 7330,29288 
  8 | 60 | 58942,84146 | 28 | 2750,12279 | 7330,31087 
  8 | 11 | 58942,86197 | 29 | 4673,17861 | 7330,33137 
  8 | 53 | 58942,88851 | 30 | 2892,17242 | 7330,35791 
  8 |  5 | 58942,89917 | 31 | 4808,21143 | 7330,36858 
  8 | 40 | 58942,91915 | 32 | 2961,24157 | 7330,38856 
  8 | 47 | 58942,92905 | 33 | 2991,24386 | 7330,39846 
  8 |  0 | 58942,96020 | 34 | 6958,27973 | 7330,42961 
  8 | 62 | 58942,96133 | 35 | 2585,26892 | 7330,43074 
  8 | 51 | 58942,96744 | 36 | 2921,32266 | 7330,43684 
  8 | 22 | 58942,98973 | 37 | 3058,31284 | 7330,45913 
  8 | 63 | 58942,99035 | 38 | 2889,33288 | 7330,45976 
  8 | 33 | 58942,99476 | 39 | 2210,35273 | 7330,46417 
  8 | 57 | 58943,00166 | 40 | 3044,35489 | 7330,47107 
  8 | 31 | 58943,01660 | 41 | 2789,37326 | 7330,48601 
  8 | 18 | 58943,03515 | 42 | 3465,31536 | 7330,50456 
  8 | 20 | 58943,07367 | 43 | 6726,37186 | 7330,54308 
  8 | 28 | 58943,07570 | 44 | 2872,43499 | 7330,54510 
  8 | 42 | 58943,08638 | 45 | 2685,43261 | 7330,55579 
  8 | 26 | 58943,08815 | 46 | 2379,39364 | 7330,55755 
  8 | 27 | 58943,08978 | 47 | 3042,36231 | 7330,55918 
  8 | 34 | 58943,09856 | 48 | 2044,38626 | 7330,56797 
  8 | 45 | 58943,12511 | 49 | 2724,47683 | 7330,59451 
  8 |  2 | 58943,13089 | 50 | 5217,49577 | 7330,60030 
  8 | 48 | 58943,23011 | 51 | 3108,58060 | 7330,69952 
  8 | 17 | 58943,23290 | 52 | 2448,56592 | 7330,70231 
  8 | 54 | 58943,23925 | 53 | 2531,59785 | 7330,70865 
  8 |  6 | 58943,24879 | 54 | 6468,60207 | 7330,71819 
  8 | 49 | 58943,26278 | 55 | 2683,61502 | 7330,73219 
  8 | 50 | 58943,30795 | 56 | 2956,62780 | 7330,77735 
  8 |  8 | 58943,35591 | 57 | 5864,65835 | 7330,82531 
  8 | 21 | 58943,39607 | 58 | 4028,70818 | 7330,86548 
  8 | 36 | 58943,39675 | 59 | 2791,72913 | 7330,86615 
  8 | 15 | 58943,39907 | 60 | 5551,73508 | 7330,86847 
  8 | 43 | 58943,44719 | 61 | 2990,78198 | 7330,91660 
  8 | 41 | 58943,46925 | 62 | 2875,80512 | 7330,93865 
  8 | 52 | 58943,48173 | 63 | 2770,78465 | 7330,95113 
  9 |  9 | 66021,39125 |  0 | 7023,00765 | 7077,84009 
  9 |  3 | 66202,11005 |  1 | 7201,49809 | 7258,55889 
  9 | 61 | 66273,65572 |  2 | 2990,96031 | 7330,10455 
  9 | 23 | 66273,67171 |  3 | 5098,97925 | 7330,12054 
  9 | 27 | 66273,67568 |  4 | 3044,92839 | 7330,12451 
  9 | 43 | 66273,69393 |  5 | 2990,01952 | 7330,14276 
  9 | 59 | 66273,71466 |  6 | 2958,03917 | 7330,16350 
  9 | 19 | 66273,71819 |  7 | 2718,04039 | 7330,16703 
  9 | 16 | 66273,73707 |  8 | 5654,02573 | 7330,18591 
  9 | 28 | 66273,76866 |  9 | 2879,06713 | 7330,21749 
  9 | 56 | 66273,79142 | 10 | 3062,11631 | 7330,24025 
  9 | 62 | 66273,79669 | 11 | 2591,09746 | 7330,24553 
  9 | 39 | 66273,80905 | 12 | 2397,06513 | 7330,25788 
  9 | 21 | 66273,87054 | 13 | 4032,13468 | 7330,31937 
  9 | 34 | 66273,87483 | 14 | 2043,08889 | 7330,32366 
  9 | 29 | 66273,87510 | 15 | 2583,21288 | 7330,32393 
  9 | 18 | 66273,87511 | 16 | 3469,19762 | 7330,32395 
  9 |  6 | 66273,91632 | 17 | 6480,18776 | 7330,36516 
  9 | 17 | 66273,92142 | 18 | 2435,24153 | 7330,37025 
  9 | 52 | 66273,92307 | 19 | 2774,24541 | 7330,37191 
  9 | 53 | 66273,93791 | 20 | 2896,17881 | 7330,38674 
  9 | 35 | 66273,95589 | 21 | 2320,27468 | 7330,40472 
  9 | 47 | 66273,95765 | 22 | 2988,22904 | 7330,40649 
  9 | 40 | 66273,98316 | 23 | 2959,24136 | 7330,43199 
  9 | 50 | 66273,98716 | 24 | 2957,23168 | 7330,43599 
  9 | 15 | 66273,98821 | 25 | 5552,30682 | 7330,43704 
  9 |  5 | 66273,99032 | 26 | 4801,29665 | 7330,43915 
  9 | 60 | 66274,00957 | 27 | 2752,24949 | 7330,45841 
  9 | 13 | 66274,06344 | 28 | 4214,31098 | 7330,51227 
  9 | 57 | 66274,06672 | 29 | 3043,39848 | 7330,51555 
  9 | 11 | 66274,07118 | 30 | 4671,30341 | 7330,52001 
  9 | 42 | 66274,08368 | 31 | 2684,33610 | 7330,53251 
  9 | 33 | 66274,08800 | 32 | 2211,32827 | 7330,53684 
  9 | 41 | 66274,13719 | 33 | 2876,43248 | 7330,58602 
  9 | 12 | 66274,13905 | 34 | 5089,37319 | 7330,58788 
  9 |  1 | 66274,15732 | 35 | 5098,39059 | 7330,60615 
  9 |  7 | 66274,18151 | 36 | 4990,49064 | 7330,63034 
  9 | 36 | 66274,19298 | 37 | 2799,52719 | 7330,64181 
  9 | 44 | 66274,22456 | 38 | 2892,49349 | 7330,67339 
  9 | 38 | 66274,22811 | 39 | 2690,47750 | 7330,67695 
  9 | 51 | 66274,23639 | 40 | 2922,52732 | 7330,68523 
  9 | 63 | 66274,24279 | 41 | 2893,47351 | 7330,69162 
  9 | 14 | 66274,26838 | 42 | 6429,57239 | 7330,71722 
  9 | 55 | 66274,29233 | 43 | 2977,54630 | 7330,74116 
  9 | 58 | 66274,29449 | 44 | 2243,59527 | 7330,74332 
  9 | 49 | 66274,30618 | 45 | 2688,59648 | 7330,75502 
  9 | 31 | 66274,31202 | 46 | 2792,65389 | 7330,76085 
  9 |  0 | 66274,32887 | 47 | 6956,62487 | 7330,77771 
  9 | 22 | 66274,33447 | 48 | 3061,58626 | 7330,78331 
  9 | 10 | 66274,36127 | 49 | 2805,66838 | 7330,81010 
  9 | 25 | 66274,37126 | 50 | 6504,64263 | 7330,82010 
  9 | 20 | 66274,38815 | 51 | 6726,63299 | 7330,83698 
  9 | 37 | 66274,42254 | 52 | 2531,74389 | 7330,87137 
  9 | 54 | 66274,42301 | 53 | 2537,69827 | 7330,87184 
  9 | 26 | 66274,44718 | 54 | 2385,79209 | 7330,89602 
  9 |  4 | 66274,46045 | 55 | 4161,70957 | 7330,90928 
  9 |  8 | 66274,49586 | 56 | 5865,76671 | 7330,94469 
  9 | 46 | 66274,51052 | 57 | 3093,77575 | 7330,95936 
  9 | 48 | 66274,51604 | 58 | 3092,82468 | 7330,96487 
  9 |  2 | 66274,53746 | 59 | 5221,86324 | 7330,98630 
  9 | 30 | 66274,54352 | 60 | 3061,78799 | 7330,99236 
  9 | 24 | 66274,56136 | 61 | 6281,82784 | 7331,01020 
  9 | 32 | 66274,57532 | 62 | 2671,84854 | 7331,02415 
  9 | 45 | 66274,59317 | 63 | 2718,87776 | 7331,04200 
 10 |  9 | 73342,45569 |  0 | 7006,13160 | 7067,78742 
 10 |  3 | 73527,60051 |  1 | 7198,60476 | 7252,93225 
 10 | 51 | 73604,92206 |  2 | 2996,10130 | 7330,25379 
 10 | 16 | 73604,93303 |  3 | 6097,08096 | 7330,26476 
 10 | 15 | 73604,95202 |  4 | 5546,09225 | 7330,28376 
 10 | 25 | 73604,95406 |  5 | 6506,10882 | 7330,28580 
 10 | 60 | 73604,97122 |  6 | 2751,17680 | 7330,30295 
 10 | 27 | 73604,98643 |  7 | 3039,16419 | 7330,31817 
 10 | 61 | 73605,01680 |  8 | 2989,18297 | 7330,34854 
 10 | 55 | 73605,01806 |  9 | 3808,21387 | 7330,34980 
 10 |  0 | 73605,03026 | 10 | 6957,11570 | 7330,36200 
 10 | 12 | 73605,04669 | 11 | 5090,17470 | 7330,37843 
 10 | 10 | 73605,08299 | 12 | 2801,20164 | 7330,41472 
 10 | 23 | 73605,10747 | 13 | 5084,32019 | 7330,43921 
 10 | 36 | 73605,12209 | 14 | 2844,27039 | 7330,45383 
 10 | 59 | 73605,12211 | 15 | 2957,25038 | 7330,45385 
 10 | 41 | 73605,13842 | 16 | 3034,31685 | 7330,47015 
 10 | 56 | 73605,16892 | 17 | 3185,25471 | 7330,50065 
 10 | 34 | 73605,17401 | 18 | 2040,29540 | 7330,50574 
 10 | 58 | 73605,20706 | 19 | 2592,31074 | 7330,53880 
 10 | 32 | 73605,21245 | 20 | 2669,41532 | 7330,54418 
 10 | 31 | 73605,21307 | 21 | 3040,41905 | 7330,54481 
 10 |  6 | 73605,22331 | 22 | 6691,31585 | 7330,55505 
 10 | 28 | 73605,22416 | 23 | 3085,41877 | 7330,55589 
 10 | 19 | 73605,24124 | 24 | 2717,42239 | 7330,57298 
 10 | 14 | 73605,27129 | 25 | 6411,44848 | 7330,60303 
 10 | 39 | 73605,27890 | 26 | 2395,43581 | 7330,61063 
 10 |  1 | 73605,29177 | 27 | 5094,41917 | 7330,62351 
 10 | 17 | 73605,30663 | 28 | 2427,44074 | 7330,63837 
 10 | 47 | 73605,31207 | 29 | 3462,44926 | 7330,64380 
 10 | 21 | 73605,34783 | 30 | 4026,47068 | 7330,67957 
 10 | 30 | 73605,34785 | 31 | 3054,49838 | 7330,67958 
 10 | 40 | 73605,35129 | 32 | 2989,54683 | 7330,68302 
 10 |  2 | 73605,35455 | 33 | 5215,49276 | 7330,68628 
 10 | 37 | 73605,37883 | 34 | 2599,53955 | 7330,71057 
 10 | 46 | 73605,37954 | 35 | 3167,48301 | 7330,71128 
 10 | 50 | 73605,39387 | 36 | 2955,48855 | 7330,72561 
 10 | 26 | 73605,42665 | 37 | 2374,55588 | 7330,75838 
 10 | 22 | 73605,43849 | 38 | 3058,53800 | 7330,77023 
 10 | 38 | 73605,43957 | 39 | 2685,56733 | 7330,77131 
 10 | 44 | 73605,45490 | 40 | 2911,63381 | 7330,78664 
 10 | 57 | 73605,49188 | 41 | 3042,62764 | 7330,82362 
 10 | 11 | 73605,49780 | 42 | 4671,65113 | 7330,82953 
 10 | 29 | 73605,53328 | 43 | 2580,74276 | 7330,86501 
 10 |  8 | 73605,53725 | 44 | 5851,65017 | 7330,86899 
 10 | 52 | 73605,53795 | 45 | 2797,73453 | 7330,86969 
 10 | 24 | 73605,54768 | 46 | 6255,75205 | 7330,87941 
 10 | 35 | 73605,58002 | 47 | 2311,69736 | 7330,91175 
 10 | 43 | 73605,59331 | 48 | 3055,71797 | 7330,92505 
 10 | 49 | 73605,66649 | 49 | 3189,88945 | 7330,99823 
 10 | 54 | 73605,70434 | 50 | 2531,88019 | 7331,03608 
 10 |  5 | 73605,70914 | 51 | 4802,90499 | 7331,04087 
 10 | 33 | 73605,71760 | 52 | 2209,84540 | 7331,04933 
 10 | 62 | 73605,73020 | 53 | 2640,92035 | 7331,06194 
 10 | 53 | 73605,73372 | 54 | 2889,95343 | 7331,06545 
 10 | 48 | 73605,74644 | 55 | 3095,93518 | 7331,07818 
 10 |  4 | 73605,75774 | 56 | 5221,89983 | 7331,08948 
 10 | 42 | 73605,76836 | 57 | 2680,98709 | 7331,10009 
 10 | 18 | 73605,76900 | 58 | 3460,93085 | 7331,10074 
 10 | 13 | 73605,78748 | 59 | 4267,92065 | 7331,11922 
 10 | 45 | 73605,80448 | 60 | 2729,99540 | 7331,13622 
 10 | 63 | 73605,82194 | 61 | 2887,93769 | 7331,15368 
 10 |  7 | 73605,82438 | 62 | 5273,03599 | 7331,15612 
 10 | 20 | 73605,85897 | 63 | 6717,03602 | 7331,19071 
 11 | 24 | 80691,71734 |  0 | 7034,15189 | 7085,80188 
 11 | 25 | 80809,04160 |  1 | 7133,35432 | 7203,12613 
 11 | 20 | 80815,12488 |  2 | 7137,22988 | 7209,20941 
 11 |  0 | 80834,32921 |  3 | 7157,76488 | 7228,41374 
 11 | 63 | 80936,31919 |  4 | 3015,21947 | 7330,40372 
 11 | 44 | 80936,36959 |  5 | 2976,24416 | 7330,45412 
 11 | 31 | 80936,39151 |  6 | 2916,33549 | 7330,47604 
 11 | 15 | 80936,39846 |  7 | 5781,34229 | 7330,48299 
 11 | 30 | 80936,41018 |  8 | 3283,28757 | 7330,49471 
 11 |  1 | 80936,53654 |  9 | 5534,37236 | 7330,62107 
 11 | 56 | 80936,54294 | 10 | 3219,47252 | 7330,62747 
 11 | 45 | 80936,55145 | 11 | 2855,46079 | 7330,63598 
 11 | 50 | 80936,60003 | 12 | 3130,46847 | 7330,68456 
 11 | 38 | 80936,60859 | 13 | 2797,55185 | 7330,69312 
 11 | 59 | 80936,64041 | 14 | 3103,51757 | 7330,72494 
 11 | 52 | 80936,64122 | 15 | 3174,59394 | 7330,72575 
 11 |  6 | 80936,64994 | 16 | 6921,49930 | 7330,73447 
 11 | 10 | 80936,65754 | 17 | 2893,57115 | 7330,74208 
 11 | 13 | 80936,67052 | 18 | 4347,60858 | 7330,75505 
 11 | 55 | 80936,69281 | 19 | 3269,64634 | 7330,77734 
 11 | 17 | 80936,69442 | 20 | 2486,61308 | 7330,77895 
 11 | 29 | 80936,71746 | 21 | 2713,66628 | 7330,80199 
 11 |  5 | 80936,71990 | 22 | 4902,57925 | 7330,80444 
 11 | 34 | 80936,74722 | 23 | 2148,61833 | 7330,83175 
 11 | 54 | 80936,74820 | 24 | 2640,70234 | 7330,83273 
 11 |  8 | 80936,75474 | 25 | 6113,67361 | 7330,83927 
 11 | 37 | 80936,79726 | 26 | 2603,73930 | 7330,88179 
 11 | 16 | 80936,80257 | 27 | 5998,72791 | 7330,88710 
 11 | 40 | 80936,80843 | 28 | 3007,74763 | 7330,89296 
 11 | 41 | 80936,82001 | 29 | 2949,67581 | 7330,90455 
 11 |  7 | 80936,82362 | 30 | 5229,74112 | 7330,90815 
 11 | 18 | 80936,83094 | 31 | 3606,68810 | 7330,91547 
 11 | 26 | 80936,83402 | 32 | 2516,73101 | 7330,91855 
 11 |  2 | 80936,86763 | 33 | 5853,80811 | 7330,95216 
 11 | 36 | 80936,87167 | 34 | 2870,76231 | 7330,95620 
 11 | 53 | 80936,87425 | 35 | 2998,73373 | 7330,95878 
 11 | 60 | 80936,92969 | 36 | 2857,78490 | 7331,01422 
 11 | 28 | 80936,93142 | 37 | 3013,82162 | 7331,01595 
 11 | 62 | 80936,94914 | 38 | 2644,85044 | 7331,03367 
 11 | 22 | 80936,97807 | 39 | 3182,93591 | 7331,06260 
 11 | 33 | 80936,99305 | 40 | 2364,88191 | 7331,07758 
 11 | 32 | 80937,01297 | 41 | 2680,90258 | 7331,09750 
 11 | 43 | 80937,02982 | 42 | 3048,94250 | 7331,11435 
 11 | 46 | 80937,03164 | 43 | 3268,97523 | 7331,11617 
 11 | 61 | 80937,07845 | 44 | 3074,95491 | 7331,16298 
 11 | 23 | 80937,07884 | 45 | 5267,97465 | 7331,16337 
 11 | 48 | 80937,08836 | 46 | 3467,01916 | 7331,17289 
 11 | 57 | 80937,11234 | 47 | 3156,01380 | 7331,19687 
 11 | 12 | 80937,11340 | 48 | 5578,06776 | 7331,19793 
 11 | 42 | 80937,11499 | 49 | 2756,07932 | 7331,19952 
 11 | 39 | 80937,14436 | 50 | 2568,09939 | 7331,22889 
 11 |  4 | 80937,14638 | 51 | 4532,03243 | 7331,23091 
 11 | 21 | 80937,17564 | 52 | 4203,07614 | 7331,26017 
 11 | 27 | 80937,19504 | 53 | 3229,07663 | 7331,27957 
 11 | 58 | 80937,20429 | 54 | 2330,08037 | 7331,28882 
 11 | 47 | 80937,22069 | 55 | 3083,11353 | 7331,30523 
 11 | 35 | 80937,22453 | 56 | 2340,12292 | 7331,30906 
 11 | 19 | 80937,24640 | 57 | 2877,18771 | 7331,33093 
 11 | 14 | 80937,28750 | 58 | 6700,20122 | 7331,37204 
 11 | 51 | 80937,29415 | 59 | 3097,24670 | 7331,37869 
 11 | 49 | 80937,29764 | 60 | 2798,21179 | 7331,38217 
 11 | 11 | 80937,30197 | 61 | 4809,21009 | 7331,38650 
 11 |  9 | 81025,56917 | 62 | 7377,09963 | 7419,65370 
 11 |  3 | 81239,83803 | 63 | 7592,59061 | 7633,92256 
 12 |  9 | 88315,96737 |  0 | 7010,33260 | 7076,05583 
 12 |  3 | 88492,81577 |  1 | 7198,09649 | 7252,90422 
 12 | 24 | 88608,30641 |  2 | 6283,17698 | 7368,39487 
 12 | 15 | 88608,35415 |  3 | 5559,26811 | 7368,44261 
 12 | 27 | 88608,35721 |  4 | 3039,21829 | 7368,44566 
 12 | 47 | 88608,38260 |  5 | 2993,31713 | 7368,47105 
 12 | 58 | 88608,39862 |  6 | 2249,30674 | 7368,48708 
 12 | 55 | 88608,41602 |  7 | 2980,31365 | 7368,50447 
 12 | 54 | 88608,42150 |  8 | 2533,33791 | 7368,50996 
 12 | 14 | 88608,42721 |  9 | 6420,24340 | 7368,51567 
 12 | 23 | 88608,46038 | 10 | 5099,42335 | 7368,54884 
 12 | 53 | 88608,46664 | 11 | 2903,40396 | 7368,55509 
 12 | 45 | 88608,48173 | 12 | 2954,39166 | 7368,57019 
 12 |  8 | 88608,48292 | 13 | 5856,35050 | 7368,57137 
 12 | 46 | 88608,51866 | 14 | 3092,46439 | 7368,60712 
 12 | 21 | 88608,53599 | 15 | 4256,43797 | 7368,62444 
 12 | 40 | 88608,54816 | 16 | 3133,47312 | 7368,63661 
 12 | 44 | 88608,55187 | 17 | 2889,44901 | 7368,64033 
 12 | 33 | 88608,56349 | 18 | 2210,50092 | 7368,65195 
 12 | 49 | 88608,59929 | 19 | 2689,49930 | 7368,68774 
 12 | 57 | 88608,60882 | 20 | 3054,53467 | 7368,69728 
 12 | 28 | 88608,61179 | 21 | 2872,56277 | 7368,70024 
 12 |  0 | 88608,63832 | 22 | 6972,56601 | 7368,72678 
 12 |  5 | 88608,65301 | 23 | 4997,49847 | 7368,74146 
 12 | 19 | 88608,72483 | 24 | 2717,65223 | 7368,81328 
 12 | 38 | 88608,75683 | 25 | 2690,59834 | 7368,84528 
 12 | 50 | 88608,77511 | 26 | 2959,68553 | 7368,86357 
 12 | 35 | 88608,78358 | 27 | 2428,63715 | 7368,87203 
 12 | 11 | 88608,78392 | 28 | 4939,71832 | 7368,87237 
 12 | 26 | 88608,79351 | 29 | 2385,63858 | 7368,88196 
 12 | 56 | 88608,80584 | 30 | 3056,76115 | 7368,89430 
 12 | 39 | 88608,81780 | 31 | 2397,68978 | 7368,90626 
 12 | 36 | 88608,82799 | 32 | 2805,75779 | 7368,91644 
 12 | 37 | 88608,83357 | 33 | 2531,76498 | 7368,92202 
 12 | 61 | 88608,83591 | 34 | 3107,70539 | 7368,92436 
 12 | 17 | 88608,84538 | 35 | 2428,77589 | 7368,93384 
 12 | 18 | 88608,89374 | 36 | 3477,75206 | 7368,98220 
 12 | 34 | 88608,89880 | 37 | 2041,86141 | 7368,98726 
 12 | 42 | 88608,90792 | 38 | 2688,80580 | 7368,99638 
 12 |  7 | 88608,92687 | 39 | 4990,87730 | 7369,01532 
 12 |  4 | 88608,95619 | 40 | 4159,83418 | 7369,04464 
 12 | 41 | 88608,95944 | 41 | 2904,90872 | 7369,04790 
 12 | 16 | 88608,97670 | 42 | 5654,85790 | 7369,06515 
 12 |  2 | 88608,97788 | 43 | 5910,90737 | 7369,06633 
 12 | 29 | 88609,01330 | 44 | 2586,97278 | 7369,10175 
 12 | 30 | 88609,01347 | 45 | 3067,93562 | 7369,10193 
 12 | 10 | 88609,01809 | 46 | 2803,97935 | 7369,10655 
 12 | 43 | 88609,02192 | 47 | 2987,96272 | 7369,11037 
 12 | 63 | 88609,03058 | 48 | 2895,95978 | 7369,11903 
 12 | 31 | 88609,04410 | 49 | 2788,95996 | 7369,13255 
 12 | 52 | 88609,05039 | 50 | 2824,93918 | 7369,13884 
 12 | 12 | 88609,07097 | 51 | 5109,02415 | 7369,15943 
 12 | 22 | 88609,09523 | 52 | 3060,06224 | 7369,18369 
 12 | 62 | 88609,10667 | 53 | 2690,99739 | 7369,19513 
 12 |  1 | 88609,11448 | 54 | 5429,02834 | 7369,20294 
 12 | 25 | 88609,17580 | 55 | 6746,10954 | 7369,26425 
 12 |  6 | 88609,17794 | 56 | 6472,15434 | 7369,26640 
 12 | 32 | 88609,18080 | 57 | 2832,09318 | 7369,26925 
 12 | 60 | 88609,19191 | 58 | 2752,10771 | 7369,28036 
 12 | 59 | 88609,21394 | 59 | 3100,09585 | 7369,30240 
 12 | 20 | 88609,26058 | 60 | 6729,15078 | 7369,34903 
 12 | 48 | 88609,26452 | 61 | 3312,13646 | 7369,35297 
 12 | 13 | 88609,26707 | 62 | 4213,14946 | 7369,35553 
 12 | 51 | 88609,27743 | 63 | 2920,17163 | 7369,36589 
 13 |  9 | 95671,49026 |  0 | 7004,03210 | 7062,15615 
 13 |  3 | 95870,63938 |  1 | 7199,87083 | 7261,30527 
 13 | 52 | 95977,87587 |  2 | 2765,41027 | 7368,54176 
 13 | 42 | 95977,89690 |  3 | 2695,42580 | 7368,56279 
 13 | 13 | 95977,92974 |  4 | 4221,47916 | 7368,59563 
 13 | 15 | 95977,93171 |  5 | 5546,43822 | 7368,59760 
 13 | 19 | 95977,93505 |  6 | 2729,47998 | 7368,60094 
 13 | 44 | 95977,97599 |  7 | 2893,47497 | 7368,64189 
 13 | 16 | 95977,99163 |  8 | 5654,52778 | 7368,65752 
 13 |  6 | 95978,00164 |  9 | 6484,53165 | 7368,66753 
 13 |  2 | 95978,01896 | 10 | 5215,46244 | 7368,68485 
 13 | 61 | 95978,02051 | 11 | 2989,56276 | 7368,68641 
 13 | 26 | 95978,02102 | 12 | 2378,46274 | 7368,68692 
 13 | 30 | 95978,05320 | 13 | 3055,58362 | 7368,71909 
 13 | 10 | 95978,08690 | 14 | 2816,55360 | 7368,75279 
 13 | 38 | 95978,08708 | 15 | 2683,58583 | 7368,75298 
 13 | 28 | 95978,11889 | 16 | 2885,65837 | 7368,78479 
 13 | 21 | 95978,12106 | 17 | 4025,55972 | 7368,78695 
 13 | 45 | 95978,14908 | 18 | 2716,64047 | 7368,81498 
 13 | 54 | 95978,15866 | 19 | 2531,60406 | 7368,82455 
 13 | 62 | 95978,16205 | 20 | 2583,60214 | 7368,82794 
 13 | 29 | 95978,17366 | 21 | 2584,60057 | 7368,83956 
 13 | 23 | 95978,17871 | 22 | 5094,61455 | 7368,84460 
 13 | 57 | 95978,18664 | 23 | 3038,69720 | 7368,85253 
 13 |  5 | 95978,21835 | 24 | 4802,74349 | 7368,88424 
 13 | 56 | 95978,22413 | 25 | 3060,68153 | 7368,89002 
 13 | 35 | 95978,22433 | 26 | 2311,65050 | 7368,89022 
 13 | 63 | 95978,23370 | 27 | 2887,71483 | 7368,89959 
 13 |  4 | 95978,24028 | 28 | 4170,68215 | 7368,90617 
 13 | 53 | 95978,24498 | 29 | 2890,68265 | 7368,91087 
 13 | 37 | 95978,26511 | 30 | 2536,81350 | 7368,93100 
 13 | 24 | 95978,29788 | 31 | 6255,82147 | 7368,96378 
 13 | 50 | 95978,30104 | 32 | 2957,81109 | 7368,96693 
 13 | 12 | 95978,30667 | 33 | 5088,84751 | 7368,97256 
 13 | 60 | 95978,30942 | 34 | 2749,73197 | 7368,97531 
 13 | 22 | 95978,31364 | 35 | 3058,85940 | 7368,97954 
 13 | 59 | 95978,32298 | 36 | 2951,79862 | 7368,98888 
 13 |  7 | 95978,33631 | 37 | 4990,76668 | 7369,00220 
 13 | 17 | 95978,36707 | 38 | 2433,82052 | 7369,03296 
 13 |  0 | 95978,37187 | 39 | 6950,87081 | 7369,03776 
 13 | 11 | 95978,39950 | 40 | 4668,91497 | 7369,06539 
 13 | 34 | 95978,41829 | 41 | 2049,93642 | 7369,08418 
 13 | 40 | 95978,46186 | 42 | 2951,93282 | 7369,12775 
 13 | 58 | 95978,46281 | 43 | 2258,99104 | 7369,12870 
 13 | 39 | 95978,46555 | 44 | 2404,91516 | 7369,13144 
 13 | 32 | 95978,47269 | 45 | 2664,01990 | 7369,13858 
 13 | 25 | 95978,47877 | 46 | 6505,00311 | 7369,14466 
 13 | 48 | 95978,48661 | 47 | 3087,94978 | 7369,15250 
 13 | 41 | 95978,50399 | 48 | 2871,00927 | 7369,16988 
 13 | 47 | 95978,58469 | 49 | 2997,07292 | 7369,25058 
 13 |  8 | 95978,58771 | 50 | 5861,10271 | 7369,25361 
 13 | 36 | 95978,59088 | 51 | 2787,08965 | 7369,25677 
 13 | 46 | 95978,59666 | 52 | 3096,06021 | 7369,26255 
 13 | 33 | 95978,71860 | 53 | 2218,25895 | 7369,38449 
 13 | 31 | 95978,72228 | 54 | 2806,19723 | 7369,38817 
 13 | 14 | 95978,73082 | 55 | 6440,20025 | 7369,39671 
 13 | 18 | 95978,75208 | 56 | 3463,22873 | 7369,41797 
 13 | 55 | 95978,75316 | 57 | 2983,22730 | 7369,41905 
 13 |  1 | 95978,76577 | 58 | 5093,26354 | 7369,43166 
 13 | 20 | 95978,81247 | 59 | 6719,30124 | 7369,47836 
 13 | 27 | 95978,83976 | 60 | 3041,30904 | 7369,50565 
 13 | 49 | 95978,85697 | 61 | 2694,40182 | 7369,52286 
 13 | 51 | 95978,87294 | 62 | 2925,34389 | 7369,53883 
 13 | 43 | 95978,89834 | 63 | 2992,37399 | 7369,56423 
 14 |  9 | 103046,03958 |  0 | 7005,93038 | 7067,04259 
 14 |  3 | 103227,39857 |  1 | 7189,92153 | 7248,40158 
 14 |  0 | 103347,67183 |  2 | 6949,54233 | 7368,67484 
 14 | 39 | 103347,67627 |  3 | 2395,51662 | 7368,67928 
 14 | 44 | 103347,69926 |  4 | 2888,58463 | 7368,70227 
 14 | 11 | 103347,70369 |  5 | 4667,57206 | 7368,70670 
 14 | 54 | 103347,79338 |  6 | 2531,65684 | 7368,79639 
 14 | 62 | 103347,81396 |  7 | 2578,69180 | 7368,81697 
 14 | 51 | 103347,83228 |  8 | 2916,69255 | 7368,83529 
 14 | 59 | 103347,84929 |  9 | 2953,62083 | 7368,85230 
 14 | 23 | 103347,88191 | 10 | 5084,76373 | 7368,88492 
 14 | 40 | 103347,90085 | 11 | 2953,76598 | 7368,90386 
 14 | 52 | 103347,91227 | 12 | 2766,74274 | 7368,91528 
 14 | 18 | 103347,91310 | 13 | 3463,73960 | 7368,91611 
 14 | 60 | 103347,94146 | 14 | 2749,82206 | 7368,94447 
 14 | 15 | 103347,95968 | 15 | 5543,78561 | 7368,96269 
 14 | 33 | 103347,98087 | 16 | 2207,80727 | 7368,98388 
 14 | 63 | 103347,98310 | 17 | 2888,78286 | 7368,98611 
 14 |  5 | 103348,01977 | 18 | 4806,87680 | 7369,02278 
 14 | 25 | 103348,04112 | 19 | 6500,88976 | 7369,04413 
 14 | 22 | 103348,05769 | 20 | 3054,88487 | 7369,06071 
 14 | 20 | 103348,06226 | 21 | 6715,84893 | 7369,06527 
 14 | 41 | 103348,06620 | 22 | 2868,85536 | 7369,06921 
 14 | 45 | 103348,06871 | 23 | 2718,93191 | 7369,07172 
 14 | 34 | 103348,07297 | 24 | 2039,85685 | 7369,07598 
 14 | 47 | 103348,08696 | 25 | 2989,93423 | 7369,08997 
 14 | 55 | 103348,10406 | 26 | 2971,92912 | 7369,10707 
 14 | 38 | 103348,11631 | 27 | 2685,91624 | 7369,11932 
 14 | 26 | 103348,13443 | 28 | 2376,94102 | 7369,13745 
 14 | 30 | 103348,14067 | 29 | 3054,01450 | 7369,14368 
 14 | 32 | 103348,20430 | 30 | 2670,06679 | 7369,20731 
 14 | 57 | 103348,21604 | 31 | 3039,08519 | 7369,21905 
 14 | 16 | 103348,22187 | 32 | 5641,09706 | 7369,22488 
 14 | 42 | 103348,23914 | 33 | 2683,13224 | 7369,24215 
 14 | 14 | 103348,25078 | 34 | 6412,04290 | 7369,25379 
 14 | 36 | 103348,26638 | 35 | 2786,12318 | 7369,26939 
 14 |  4 | 103348,26779 | 36 | 4156,06700 | 7369,27080 
 14 | 21 | 103348,27241 | 37 | 4019,06707 | 7369,27542 
 14 | 37 | 103348,28153 | 38 | 2530,12332 | 7369,28454 
 14 |  7 | 103348,28560 | 39 | 4986,12912 | 7369,28861 
 14 | 10 | 103348,30302 | 40 | 2804,16666 | 7369,30603 
 14 | 48 | 103348,32113 | 41 | 3090,17701 | 7369,32415 
 14 | 28 | 103348,33699 | 42 | 2870,21556 | 7369,34000 
 14 |  2 | 103348,34073 | 43 | 5209,22935 | 7369,34374 
 14 | 58 | 103348,34675 | 44 | 2243,17853 | 7369,34976 
 14 | 46 | 103348,37890 | 45 | 3090,27609 | 7369,38191 
 14 | 35 | 103348,38815 | 46 | 2309,23820 | 7369,39116 
 14 | 17 | 103348,38933 | 47 | 2432,22501 | 7369,39234 
 14 | 29 | 103348,40384 | 48 | 2582,22555 | 7369,40685 
 14 | 27 | 103348,40958 | 49 | 3038,25416 | 7369,41259 
 14 |  1 | 103348,43391 | 50 | 5089,29337 | 7369,43692 
 14 | 61 | 103348,43509 | 51 | 2990,23297 | 7369,43810 
 14 | 19 | 103348,48989 | 52 | 2715,37530 | 7369,49290 
 14 |  6 | 103348,50861 | 53 | 6466,37157 | 7369,51162 
 14 | 56 | 103348,55979 | 54 | 3055,36292 | 7369,56280 
 14 | 24 | 103348,57785 | 55 | 6257,38995 | 7369,58086 
 14 | 53 | 103348,60513 | 56 | 2886,50030 | 7369,60814 
 14 | 49 | 103348,61305 | 57 | 2680,46842 | 7369,61606 
 14 | 31 | 103348,62385 | 58 | 2787,43806 | 7369,62686 
 14 |  8 | 103348,64284 | 59 | 5852,49313 | 7369,64586 
 14 | 13 | 103348,66582 | 60 | 4206,47565 | 7369,66883 
 14 | 12 | 103348,67574 | 61 | 5085,51113 | 7369,67875 
 14 | 50 | 103348,68492 | 62 | 2951,56943 | 7369,68793 
 14 | 43 | 103348,70923 | 63 | 2987,52575 | 7369,71224 
 15 |  9 | 110405,78327 |  0 | 7006,70447 | 7056,97539 
 15 |  3 | 110594,44333 |  1 | 7190,39614 | 7245,63545 
 15 | 16 | 110717,64286 |  2 | 5650,68377 | 7368,83498 
 15 | 11 | 110717,65700 |  3 | 4662,72402 | 7368,84912 
 15 | 61 | 110717,66976 |  4 | 2988,71892 | 7368,86188 
 15 | 36 | 110717,70291 |  5 | 2790,72237 | 7368,89503 
 15 | 13 | 110717,71070 |  6 | 4210,72137 | 7368,90282 
 15 | 38 | 110717,73784 |  7 | 2685,74605 | 7368,92996 
 15 | 30 | 110717,73802 |  8 | 3061,72053 | 7368,93014 
 15 | 22 | 110717,77478 |  9 | 3061,80880 | 7368,96691 
 15 | 59 | 110717,78369 | 10 | 2951,76451 | 7368,97581 
 15 | 40 | 110717,79752 | 11 | 2954,79677 | 7368,98964 
 15 | 53 | 110717,81945 | 12 | 2887,82018 | 7369,01157 
 15 | 42 | 110717,82137 | 13 | 2681,84929 | 7369,01349 
 15 | 49 | 110717,82396 | 14 | 2683,85541 | 7369,01608 
 15 | 58 | 110717,85546 | 15 | 2241,80074 | 7369,04758 
 15 | 57 | 110717,85788 | 16 | 3039,87340 | 7369,05000 
 15 | 18 | 110717,86301 | 17 | 3462,81138 | 7369,05513 
 15 | 48 | 110717,88465 | 18 | 3088,86113 | 7369,07677 
 15 | 21 | 110717,88910 | 19 | 4015,81682 | 7369,08122 
 15 | 56 | 110717,89859 | 20 | 3058,90229 | 7369,09071 
 15 | 63 | 110717,94384 | 21 | 2888,93474 | 7369,13596 
 15 | 34 | 110718,05067 | 22 | 2041,10219 | 7369,24279 
 15 | 25 | 110718,09730 | 23 | 6499,17118 | 7369,28943 
 15 | 37 | 110718,12360 | 24 | 2529,12652 | 7369,31572 
 15 |  0 | 110718,12589 | 25 | 6947,16982 | 7369,31801 
 15 | 50 | 110718,13958 | 26 | 2955,12131 | 7369,33170 
 15 | 27 | 110718,14021 | 27 | 3039,18777 | 7369,33233 
 15 | 23 | 110718,14133 | 28 | 5092,11632 | 7369,33345 
 15 | 62 | 110718,14282 | 29 | 2579,20718 | 7369,33494 
 15 | 15 | 110718,17239 | 30 | 5552,21513 | 7369,36452 
 15 | 43 | 110718,17685 | 31 | 2990,20040 | 7369,36897 
 15 | 60 | 110718,17831 | 32 | 2753,23354 | 7369,37043 
 15 | 10 | 110718,20645 | 33 | 2802,20284 | 7369,39857 
 15 | 44 | 110718,23493 | 34 | 2886,21471 | 7369,42705 
 15 |  7 | 110718,24476 | 35 | 4989,27678 | 7369,43688 
 15 | 33 | 110718,26042 | 36 | 2209,27658 | 7369,45254 
 15 | 29 | 110718,28770 | 37 | 2585,35004 | 7369,47982 
 15 | 55 | 110718,29231 | 38 | 2972,34887 | 7369,48443 
 15 | 19 | 110718,32529 | 39 | 2716,40444 | 7369,51741 
 15 | 32 | 110718,32968 | 40 | 2662,30478 | 7369,52180 
 15 | 46 | 110718,34631 | 41 | 3086,34450 | 7369,53843 
 15 |  6 | 110718,39012 | 42 | 6465,42368 | 7369,58224 
 15 | 52 | 110718,42775 | 43 | 2763,42392 | 7369,61987 
 15 | 17 | 110718,43471 | 44 | 2431,46827 | 7369,62683 
 15 |  8 | 110718,44292 | 45 | 5855,44039 | 7369,63504 
 15 | 51 | 110718,44656 | 46 | 2919,52076 | 7369,63868 
 15 | 28 | 110718,45962 | 47 | 2869,52975 | 7369,65174 
 15 | 35 | 110718,46292 | 48 | 2310,51659 | 7369,65504 
 15 |  4 | 110718,46909 | 49 | 4161,46235 | 7369,66121 
 15 |  1 | 110718,53863 | 50 | 5084,55149 | 7369,73075 
 15 |  5 | 110718,57767 | 51 | 4799,66610 | 7369,76979 
 15 | 12 | 110718,59814 | 52 | 5086,67088 | 7369,79026 
 15 | 24 | 110718,60803 | 53 | 6261,66188 | 7369,80016 
 15 | 20 | 110718,62316 | 54 | 6716,64149 | 7369,81528 
 15 | 45 | 110718,62399 | 55 | 2715,71898 | 7369,81611 
 15 | 39 | 110718,62460 | 56 | 2396,64890 | 7369,81672 
 15 | 54 | 110718,62481 | 57 | 2530,71870 | 7369,81693 
 15 | 31 | 110718,63072 | 58 | 2786,68446 | 7369,82284 
 15 | 14 | 110718,63790 | 59 | 6417,68019 | 7369,83003 
 15 | 26 | 110718,66284 | 60 | 2376,74535 | 7369,85496 
 15 |  2 | 110718,67391 | 61 | 5211,71773 | 7369,86603 
 15 | 47 | 110718,67957 | 62 | 2989,70222 | 7369,87169 
 15 | 41 | 110718,70540 | 63 | 2868,70831 | 7369,89752 
 16 |  3 | 117960,16208 |  0 | 7185,81413 | 7241,36755 
 16 | 21 | 118087,88658 |  1 | 4015,96625 | 7369,09205 
 16 | 25 | 118087,89877 |  2 | 6498,96029 | 7369,10424 
 16 | 10 | 118087,90260 |  3 | 2799,96387 | 7369,10808 
 16 | 40 | 118087,90697 |  4 | 2951,97143 | 7369,11244 
 16 | 32 | 118087,96279 |  5 | 2663,99734 | 7369,16826 
 16 | 41 | 118087,99326 |  6 | 2867,97416 | 7369,19873 
 16 |  0 | 118087,99555 |  7 | 6954,99081 | 7369,20102 
 16 |  4 | 118088,03916 |  8 | 4157,10338 | 7369,24463 
 16 | 42 | 118088,04499 |  9 | 2684,12850 | 7369,25046 
 16 | 24 | 118088,04864 | 10 | 6255,06632 | 7369,25411 
 16 |  5 | 118088,05657 | 11 | 4805,11951 | 7369,26204 
 16 |  7 | 118088,05797 | 12 | 4986,12607 | 7369,26344 
 16 | 30 | 118088,09312 | 13 | 3057,17552 | 7369,29859 
 16 | 37 | 118088,11804 | 14 | 2532,16976 | 7369,32351 
 16 | 56 | 118088,13018 | 15 | 3055,15715 | 7369,33565 
 16 |  9 | 118088,18420 | 16 | 6999,22906 | 7369,38967 
 16 | 28 | 118088,19088 | 17 | 2867,25072 | 7369,39635 
 16 | 47 | 118088,20866 | 18 | 2988,22711 | 7369,41413 
 16 | 57 | 118088,21442 | 19 | 3037,28816 | 7369,41989 
 16 | 55 | 118088,21813 | 20 | 2973,21381 | 7369,42360 
 16 | 52 | 118088,24348 | 21 | 2764,29249 | 7369,44895 
 16 | 58 | 118088,25393 | 22 | 2241,23022 | 7369,45941 
 16 | 43 | 118088,26853 | 23 | 2988,29818 | 7369,47400 
 16 | 23 | 118088,27777 | 24 | 5094,33093 | 7369,48324 
 16 | 18 | 118088,31329 | 25 | 3461,37503 | 7369,51876 
 16 | 34 | 118088,31535 | 26 | 2039,35330 | 7369,52082 
 16 | 26 | 118088,35413 | 27 | 2377,41955 | 7369,55960 
 16 | 63 | 118088,38068 | 28 | 2888,41532 | 7369,58615 
 16 | 39 | 118088,38748 | 29 | 2394,45369 | 7369,59295 
 16 |  2 | 118088,39846 | 30 | 5214,42364 | 7369,60393 
 16 | 49 | 118088,40314 | 31 | 2682,49883 | 7369,60861 
 16 | 31 | 118088,40856 | 32 | 2786,44807 | 7369,61403 
 16 | 44 | 118088,41715 | 33 | 2888,50874 | 7369,62262 
 16 | 15 | 118088,43435 | 34 | 5547,49051 | 7369,63982 
 16 | 35 | 118088,44411 | 35 | 2309,51776 | 7369,64958 
 16 | 11 | 118088,49121 | 36 | 4665,55114 | 7369,69669 
 16 | 48 | 118088,49218 | 37 | 3090,52619 | 7369,69765 
 16 |  6 | 118088,49246 | 38 | 6461,54719 | 7369,69793 
 16 | 19 | 118088,51368 | 39 | 2714,54648 | 7369,71915 
 16 | 33 | 118088,51484 | 40 | 2207,56352 | 7369,72031 
 16 | 45 | 118088,54681 | 41 | 2715,63431 | 7369,75228 
 16 | 51 | 118088,55179 | 42 | 2919,65161 | 7369,75726 
 16 | 27 | 118088,59174 | 43 | 3037,59099 | 7369,79721 
 16 | 12 | 118088,59915 | 44 | 5083,61188 | 7369,80462 
 16 | 29 | 118088,61030 | 45 | 2583,67765 | 7369,81577 
 16 | 14 | 118088,62127 | 46 | 6411,67842 | 7369,82674 
 16 | 53 | 118088,64158 | 47 | 2885,70629 | 7369,84705 
 16 | 62 | 118088,65706 | 48 | 2579,68698 | 7369,86253 
 16 | 36 | 118088,67332 | 49 | 2786,73222 | 7369,87879 
 16 | 46 | 118088,67658 | 50 | 3085,70240 | 7369,88205 
 16 | 16 | 118088,68021 | 51 | 5649,77714 | 7369,88568 
 16 | 17 | 118088,68153 | 52 | 2431,70381 | 7369,88701 
 16 | 60 | 118088,71189 | 53 | 2752,77245 | 7369,91736 
 16 | 61 | 118088,71296 | 54 | 2986,77765 | 7369,91843 
 16 |  1 | 118088,75760 | 55 | 5085,78945 | 7369,96307 
 16 | 13 | 118088,76921 | 56 | 4205,77405 | 7369,97468 
 16 | 38 | 118088,80217 | 57 | 2686,81038 | 7370,00764 
 16 | 20 | 118088,81214 | 58 | 6719,86719 | 7370,01761 
 16 | 22 | 118088,81775 | 59 | 3056,84729 | 7370,02322 
 16 |  8 | 118088,82020 | 60 | 5846,91760 | 7370,02567 
 16 | 54 | 118088,83410 | 61 | 2533,86652 | 7370,03957 
 16 | 59 | 118088,84774 | 62 | 2952,86678 | 7370,05321 
 16 | 50 | 118088,86023 | 63 | 2955,89085 | 7370,06570 
 17 |  9 | 125142,61323 |  0 | 7002,44661 | 7053,66990 
 17 |  3 | 125342,00648 |  1 | 7193,97667 | 7253,06315 
 17 | 63 | 125458,16728 |  2 | 2887,01628 | 7369,22396 
 17 |  6 | 125458,18835 |  3 | 6461,11933 | 7369,24502 
 17 | 32 | 125458,19826 |  4 | 2664,05574 | 7369,25493 
 17 | 52 | 125458,21665 |  5 | 2766,09651 | 7369,27333 
 17 |  1 | 125458,24054 |  6 | 5085,15093 | 7369,29722 
 17 | 60 | 125458,24210 |  7 | 2747,12503 | 7369,29877 
 17 | 10 | 125458,25323 |  8 | 2801,20518 | 7369,30990 
 17 | 44 | 125458,27663 |  9 | 2886,20057 | 7369,33330 
 17 | 35 | 125458,29534 | 10 | 2310,21350 | 7369,35201 
 17 | 36 | 125458,31892 | 11 | 2789,21422 | 7369,37559 
 17 | 45 | 125458,32590 | 12 | 2714,16670 | 7369,38257 
 17 | 40 | 125458,34664 | 13 | 2952,25773 | 7369,40331 
 17 | 53 | 125458,36019 | 14 | 2886,25661 | 7369,41686 
 17 | 25 | 125458,40365 | 15 | 6495,24040 | 7369,46032 
 17 |  0 | 125458,40749 | 16 | 6954,24499 | 7369,46417 
 17 | 57 | 125458,40891 | 17 | 3039,29226 | 7369,46558 
 17 | 21 | 125458,41530 | 18 | 4022,32855 | 7369,47197 
 17 | 15 | 125458,43992 | 19 | 5543,36482 | 7369,49659 
 17 |  8 | 125458,44239 | 20 | 5854,30282 | 7369,49906 
 17 | 19 | 125458,45903 | 21 | 2716,37351 | 7369,51570 
 17 |  2 | 125458,48149 | 22 | 5208,32170 | 7369,53817 
 17 | 16 | 125458,49766 | 23 | 5646,40944 | 7369,55433 
 17 | 41 | 125458,50074 | 24 | 2869,39663 | 7369,55741 
 17 | 18 | 125458,51826 | 25 | 3460,46118 | 7369,57494 
 17 | 42 | 125458,52280 | 26 | 2681,44165 | 7369,57947 
 17 | 46 | 125458,54348 | 27 | 3088,46438 | 7369,60016 
 17 | 50 | 125458,55637 | 28 | 2958,46288 | 7369,61305 
 17 | 27 | 125458,57484 | 29 | 3033,51288 | 7369,63151 
 17 | 33 | 125458,57648 | 30 | 2210,47904 | 7369,63316 
 17 | 14 | 125458,59973 | 31 | 6412,44018 | 7369,65641 
 17 | 24 | 125458,60987 | 32 | 6256,47634 | 7369,66654 
 17 | 28 | 125458,63322 | 33 | 2867,47563 | 7369,68989 
 17 | 62 | 125458,64082 | 34 | 2581,57748 | 7369,69750 
 17 | 29 | 125458,65363 | 35 | 2579,60305 | 7369,71030 
 17 |  7 | 125458,68934 | 36 | 4987,63494 | 7369,74602 
 17 | 26 | 125458,70108 | 37 | 2376,54667 | 7369,75776 
 17 | 38 | 125458,70265 | 38 | 2684,59664 | 7369,75932 
 17 | 17 | 125458,71461 | 39 | 2428,65249 | 7369,77129 
 17 | 34 | 125458,72727 | 40 | 2040,59271 | 7369,78395 
 17 | 47 | 125458,73214 | 41 | 2987,61110 | 7369,78881 
 17 | 43 | 125458,75637 | 42 | 2993,67154 | 7369,81304 
 17 | 12 | 125458,76042 | 43 | 5085,62253 | 7369,81709 
 17 | 31 | 125458,79078 | 44 | 2787,68283 | 7369,84745 
 17 | 59 | 125458,81506 | 45 | 2957,76503 | 7369,87173 
 17 | 48 | 125458,82415 | 46 | 3090,74931 | 7369,88082 
 17 | 39 | 125458,84447 | 47 | 2395,78370 | 7369,90114 
 17 | 61 | 125458,85796 | 48 | 2988,80701 | 7369,91463 
 17 | 11 | 125458,85853 | 49 | 4665,79860 | 7369,91521 
 17 | 54 | 125458,90074 | 50 | 2525,80196 | 7369,95742 
 17 | 22 | 125458,90222 | 51 | 3051,83394 | 7369,95889 
 17 | 30 | 125458,91269 | 52 | 3053,86210 | 7369,96936 
 17 | 37 | 125458,91537 | 53 | 2527,78868 | 7369,97205 
 17 | 20 | 125458,93678 | 54 | 6715,81632 | 7369,99345 
 17 | 49 | 125458,95079 | 55 | 2685,82998 | 7370,00746 
 17 | 13 | 125458,96434 | 56 | 4200,86589 | 7370,02101 
 17 | 56 | 125458,98082 | 57 | 3058,85762 | 7370,03749 
 17 |  4 | 125458,98193 | 58 | 4149,82906 | 7370,03860 
 17 | 51 | 125459,04514 | 59 | 2919,00805 | 7370,10181 
 17 |  5 | 125459,06485 | 60 | 4800,95620 | 7370,12153 
 17 | 58 | 125459,09592 | 61 | 2240,95566 | 7370,15259 
 17 | 55 | 125459,12167 | 62 | 2971,00469 | 7370,17834 
 17 | 23 | 125459,16076 | 63 | 5087,05259 | 7370,21743 
 18 |  3 | 132698,91407 |  0 | 7181,77899 | 7239,67918 
 18 |  9 | 132828,60336 |  1 | 7000,21774 | 7369,36847 
 18 | 27 | 132828,61052 |  2 | 3033,19905 | 7369,37563 
 18 | 29 | 132828,67279 |  3 | 2578,18982 | 7369,43790 
 18 | 14 | 132828,67387 |  4 | 6406,29123 | 7369,43898 
 18 | 20 | 132828,68345 |  5 | 6714,27142 | 7369,44856 
 18 | 15 | 132828,70105 |  6 | 5540,23706 | 7369,46616 
 18 | 24 | 132828,73501 |  7 | 6252,30951 | 7369,50012 
 18 | 56 | 132828,73921 |  8 | 3054,31581 | 7369,50432 
 18 | 49 | 132828,74673 |  9 | 2683,36450 | 7369,51184 
 18 |  2 | 132828,75939 | 10 | 5215,40421 | 7369,52450 
 18 | 43 | 132828,76030 | 11 | 2985,33453 | 7369,52541 
 18 | 30 | 132828,79320 | 12 | 3056,41198 | 7369,55831 
 18 | 10 | 132828,83202 | 13 | 2799,35873 | 7369,59714 
 18 | 21 | 132828,84205 | 14 | 4017,48478 | 7369,60717 
 18 | 37 | 132828,86427 | 15 | 2527,48994 | 7369,62938 
 18 |  0 | 132828,87322 | 16 | 6947,46545 | 7369,63833 
 18 | 61 | 132828,87588 | 17 | 2988,39598 | 7369,64099 
 18 | 22 | 132828,89760 | 18 | 3054,54112 | 7369,66271 
 18 | 60 | 132828,89871 | 19 | 2747,41867 | 7369,66382 
 18 | 31 | 132828,90107 | 20 | 2784,52824 | 7369,66618 
 18 | 54 | 132828,92024 | 21 | 2527,55837 | 7369,68535 
 18 | 32 | 132828,97156 | 22 | 2663,57697 | 7369,73668 
 18 | 58 | 132828,97796 | 23 | 2242,53559 | 7369,74307 
 18 | 57 | 132828,98969 | 24 | 3033,59745 | 7369,75480 
 18 | 44 | 132828,99614 | 25 | 2887,64758 | 7369,76125 
 18 | 48 | 132829,02286 | 26 | 3089,56970 | 7369,78797 
 18 |  4 | 132829,02298 | 27 | 4152,59445 | 7369,78809 
 18 | 42 | 132829,06934 | 28 | 2683,71927 | 7369,83445 
 18 | 51 | 132829,07623 | 29 | 2920,64495 | 7369,84134 
 18 | 41 | 132829,07838 | 30 | 2868,69450 | 7369,84349 
 18 | 50 | 132829,09856 | 31 | 2952,69372 | 7369,86367 
 18 | 25 | 132829,10322 | 32 | 6494,69452 | 7369,86833 
 18 | 19 | 132829,11038 | 33 | 2718,69995 | 7369,87549 
 18 | 18 | 132829,14150 | 34 | 3458,69593 | 7369,90661 
 18 | 36 | 132829,15124 | 35 | 2784,76750 | 7369,91635 
 18 |  6 | 132829,15134 | 36 | 6457,69856 | 7369,91646 
 18 | 40 | 132829,18755 | 37 | 2950,80581 | 7369,95266 
 18 |  1 | 132829,20507 | 38 | 5085,80507 | 7369,97018 
 18 | 38 | 132829,27666 | 39 | 2680,91852 | 7370,04178 
 18 | 52 | 132829,30557 | 40 | 2764,96671 | 7370,07069 
 18 |  7 | 132829,34987 | 41 | 4985,91094 | 7370,11499 
 18 | 45 | 132829,35088 | 42 | 2712,97858 | 7370,11599 
 18 | 28 | 132829,39238 | 43 | 2872,00437 | 7370,15749 
 18 | 62 | 132829,40371 | 44 | 2580,99632 | 7370,16883 
 18 | 33 | 132829,40656 | 45 | 2205,00380 | 7370,17168 
 18 |  8 | 132829,41921 | 46 | 5845,08618 | 7370,18432 
 18 | 12 | 132829,41967 | 47 | 5083,00274 | 7370,18479 
 18 | 53 | 132829,42240 | 48 | 2887,04409 | 7370,18751 
 18 | 35 | 132829,44887 | 49 | 2312,02610 | 7370,21398 
 18 | 13 | 132829,47067 | 50 | 4201,04947 | 7370,23578 
 18 | 63 | 132829,48167 | 51 | 2886,09519 | 7370,24678 
 18 | 39 | 132829,48262 | 52 | 2391,12956 | 7370,24773 
 18 | 17 | 132829,48400 | 53 | 2427,13651 | 7370,24911 
 18 | 23 | 132829,49638 | 54 | 5087,12703 | 7370,26149 
 18 | 16 | 132829,51507 | 55 | 5648,12191 | 7370,28019 
 18 | 59 | 132829,52424 | 56 | 2956,13434 | 7370,28935 
 18 | 11 | 132829,52583 | 57 | 4666,16116 | 7370,29094 
 18 | 34 | 132829,53795 | 58 | 2040,11226 | 7370,30306 
 18 | 47 | 132829,55007 | 59 | 2987,14666 | 7370,31519 
 18 | 55 | 132829,56787 | 60 | 2973,14832 | 7370,33298 
 18 | 26 | 132829,59078 | 61 | 2378,24343 | 7370,35589 
 18 | 46 | 132829,59462 | 62 | 3090,17502 | 7370,35974 
 18 |  5 | 132829,65303 | 63 | 4802,22872 | 7370,41814 
 19 |  3 | 140072,47620 |  0 | 7185,45291 | 7242,72363 
 19 | 28 | 140199,31839 |  1 | 2865,37255 | 7369,56582 
 19 | 24 | 140199,32875 |  2 | 6252,34670 | 7369,57618 
 19 | 32 | 140199,33824 |  3 | 2661,38723 | 7369,58567 
 19 |  6 | 140199,36467 |  4 | 6455,42638 | 7369,61210 
 19 | 47 | 140199,38634 |  5 | 2986,37461 | 7369,63377 
 19 | 49 | 140199,44748 |  6 | 2684,43729 | 7369,69491 
 19 | 45 | 140199,45884 |  7 | 2711,55299 | 7369,70627 
 19 | 56 | 140199,50998 |  8 | 3053,54756 | 7369,75741 
 19 | 35 | 140199,53680 |  9 | 2314,57872 | 7369,78423 
 19 | 13 | 140199,53695 | 10 | 4205,56507 | 7369,78438 
 19 | 44 | 140199,55413 | 11 | 2885,53414 | 7369,80156 
 19 |  2 | 140199,55502 | 12 | 5206,65454 | 7369,80245 
 19 | 33 | 140199,56198 | 13 | 2206,59898 | 7369,80941 
 19 | 62 | 140199,58244 | 14 | 2577,68580 | 7369,82987 
 19 | 53 | 140199,59020 | 15 | 2884,68838 | 7369,83763 
 19 | 38 | 140199,62659 | 16 | 2677,71195 | 7369,87402 
 19 |  4 | 140199,62733 | 17 | 4149,71065 | 7369,87476 
 19 |  1 | 140199,63269 | 18 | 5084,72990 | 7369,88012 
 19 | 17 | 140199,63542 | 19 | 2429,72621 | 7369,88285 
 19 | 51 | 140199,64631 | 20 | 2915,65740 | 7369,89374 
 19 | 29 | 140199,66556 | 21 | 2579,71934 | 7369,91299 
 19 | 16 | 140199,69033 | 22 | 5637,72772 | 7369,93776 
 19 |  5 | 140199,69823 | 23 | 4796,72299 | 7369,94566 
 19 | 34 | 140199,71679 | 24 | 2037,76517 | 7369,96422 
 19 | 20 | 140199,76009 | 25 | 6712,82095 | 7370,00752 
 19 | 63 | 140199,79650 | 26 | 2886,81364 | 7370,04393 
 19 | 18 | 140199,80582 | 27 | 3456,86412 | 7370,05325 
 19 | 52 | 140199,82699 | 28 | 2765,86090 | 7370,07442 
 19 | 39 | 140199,83384 | 29 | 2391,88149 | 7370,08127 
 19 | 58 | 140199,84203 | 30 | 2238,95344 | 7370,08946 
 19 | 12 | 140199,86465 | 31 | 5084,97591 | 7370,11208 
 19 | 59 | 140199,87154 | 32 | 2954,88329 | 7370,11897 
 19 | 30 | 140199,88547 | 33 | 3053,92338 | 7370,13290 
 19 | 23 | 140199,92462 | 34 | 5084,01999 | 7370,17205 
 19 | 48 | 140199,92531 | 35 | 3087,04295 | 7370,17274 
 19 | 50 | 140199,93538 | 36 | 2953,93870 | 7370,18281 
 19 | 41 | 140199,96096 | 37 | 2871,01581 | 7370,20839 
 19 | 55 | 140199,96846 | 38 | 2969,00487 | 7370,21589 
 19 | 43 | 140199,97550 | 39 | 2987,07305 | 7370,22293 
 19 | 42 | 140199,99500 | 40 | 2681,06265 | 7370,24243 
 19 | 19 | 140200,00679 | 41 | 2713,08297 | 7370,25422 
 19 | 15 | 140200,03840 | 42 | 5541,04433 | 7370,28583 
 19 | 40 | 140200,04060 | 43 | 2950,11295 | 7370,28803 
 19 | 46 | 140200,06803 | 44 | 3087,15363 | 7370,31546 
 19 | 25 | 140200,07748 | 45 | 6492,15863 | 7370,32491 
 19 | 36 | 140200,08395 | 46 | 2785,16954 | 7370,33138 
 19 | 14 | 140200,10781 | 47 | 6407,18750 | 7370,35524 
 19 | 61 | 140200,11131 | 48 | 2987,23904 | 7370,35874 
 19 | 26 | 140200,13281 | 49 | 2373,24238 | 7370,38024 
 19 | 10 | 140200,15447 | 50 | 2799,21070 | 7370,40190 
 19 |  9 | 140200,17198 | 51 | 6999,18603 | 7370,41941 
 19 | 11 | 140200,18121 | 52 | 4668,25746 | 7370,42864 
 19 | 37 | 140200,18281 | 53 | 2528,24712 | 7370,43024 
 19 |  0 | 140200,19218 | 54 | 6955,26102 | 7370,43961 
 19 | 21 | 140200,21010 | 55 | 4015,23413 | 7370,45753 
 19 | 27 | 140200,22162 | 56 | 3033,32520 | 7370,46905 
 19 | 54 | 140200,22391 | 57 | 2528,29732 | 7370,47134 
 19 |  8 | 140200,23119 | 58 | 5851,30827 | 7370,47862 
 19 |  7 | 140200,23181 | 59 | 4982,26193 | 7370,47924 
 19 | 22 | 140200,25544 | 60 | 3053,31357 | 7370,50287 
 19 | 57 | 140200,27830 | 61 | 3036,33347 | 7370,52573 
 19 | 31 | 140200,32572 | 62 | 2783,40762 | 7370,57315 
 19 | 60 | 140200,33302 | 63 | 2747,37125 | 7370,58045 
 20 |  3 | 147445,18068 |  0 | 7191,59606 | 7244,77358 
 20 | 25 | 147570,15972 |  1 | 6486,61345 | 7369,75261 
 20 | 57 | 147570,17382 |  2 | 3035,63612 | 7369,76671 
 20 | 16 | 147570,17536 |  3 | 5644,55323 | 7369,76825 
 20 | 41 | 147570,19952 |  4 | 2867,61651 | 7369,79241 
 20 | 42 | 147570,20977 |  5 | 2683,66716 | 7369,80267 
 20 |  9 | 147570,22594 |  6 | 6998,64622 | 7369,81883 
 20 | 56 | 147570,28592 |  7 | 3055,63897 | 7369,87881 
 20 |  6 | 147570,29605 |  8 | 6462,69927 | 7369,88894 
 20 |  0 | 147570,29989 |  9 | 6946,68908 | 7369,89278 
 20 | 30 | 147570,33836 | 10 | 3053,78945 | 7369,93125 
 20 | 40 | 147570,35373 | 11 | 2949,73391 | 7369,94662 
 20 |  8 | 147570,36434 | 12 | 5847,79149 | 7369,95723 
 20 |  1 | 147570,36826 | 13 | 5082,79353 | 7369,96115 
 20 | 14 | 147570,40628 | 14 | 6410,78484 | 7369,99917 
 20 | 35 | 147570,41520 | 15 | 2311,81093 | 7370,00809 
 20 | 44 | 147570,46175 | 16 | 2885,92006 | 7370,05464 
 20 | 39 | 147570,47671 | 17 | 2394,87210 | 7370,06961 
 20 | 32 | 147570,47825 | 18 | 2662,85771 | 7370,07114 
 20 | 52 | 147570,48687 | 19 | 2764,90679 | 7370,07976 
 20 | 18 | 147570,49955 | 20 | 3461,85351 | 7370,09244 
 20 | 37 | 147570,52369 | 21 | 2529,85195 | 7370,11658 
 20 | 29 | 147570,53188 | 22 | 2581,90753 | 7370,12477 
 20 | 26 | 147570,53395 | 23 | 2371,99344 | 7370,12684 
 20 | 43 | 147570,55291 | 24 | 2983,01153 | 7370,14580 
 20 | 63 | 147570,55516 | 25 | 2888,91426 | 7370,14805 
 20 | 13 | 147570,57087 | 26 | 4207,98955 | 7370,16377 
 20 | 59 | 147570,59954 | 27 | 2951,04589 | 7370,19243 
 20 | 22 | 147570,60640 | 28 | 3052,98435 | 7370,19929 
 20 | 17 | 147570,63557 | 29 | 2425,08233 | 7370,22846 
 20 | 27 | 147570,65655 | 30 | 3037,01555 | 7370,24944 
 20 |  4 | 147570,66725 | 31 | 4154,12047 | 7370,26014 
 20 | 47 | 147570,68974 | 32 | 2988,08647 | 7370,28264 
 20 | 53 | 147570,69154 | 33 | 2885,13794 | 7370,28444 
 20 | 54 | 147570,70359 | 34 | 2530,15891 | 7370,29648 
 20 | 36 | 147570,70613 | 35 | 2786,10366 | 7370,29903 
 20 | 12 | 147570,70908 | 36 | 5085,11930 | 7370,30197 
 20 | 55 | 147570,71132 | 37 | 2971,07696 | 7370,30422 
 20 | 45 | 147570,72230 | 38 | 2717,07195 | 7370,31519 
 20 | 21 | 147570,72906 | 39 | 4018,11902 | 7370,32195 
 20 | 15 | 147570,75188 | 40 | 5541,18836 | 7370,34477 
 20 | 38 | 147570,75579 | 41 | 2681,20244 | 7370,34869 
 20 | 50 | 147570,78154 | 42 | 2953,16528 | 7370,37443 
 20 | 60 | 147570,80087 | 43 | 2750,18802 | 7370,39376 
 20 | 20 | 147570,80234 | 44 | 6710,23475 | 7370,39523 
 20 | 11 | 147570,82081 | 45 | 4663,20470 | 7370,41370 
 20 | 23 | 147570,82192 | 46 | 5083,27676 | 7370,41481 
 20 | 33 | 147570,82838 | 47 | 2206,22830 | 7370,42127 
 20 | 49 | 147570,84869 | 48 | 2682,29762 | 7370,44158 
 20 | 58 | 147570,86294 | 49 | 2242,23451 | 7370,45583 
 20 | 62 | 147570,86398 | 50 | 2581,32968 | 7370,45687 
 20 | 10 | 147570,88848 | 51 | 2800,29307 | 7370,48137 
 20 |  7 | 147570,91352 | 52 | 4987,34960 | 7370,50641 
 20 | 28 | 147570,91439 | 53 | 2874,34320 | 7370,50728 
 20 | 51 | 147570,96939 | 54 | 2922,35707 | 7370,56228 
 20 | 46 | 147570,99755 | 55 | 3087,46983 | 7370,59044 
 20 | 61 | 147571,01078 | 56 | 2985,44075 | 7370,60367 
 20 | 24 | 147571,01311 | 57 | 6252,38411 | 7370,60600 
 20 | 19 | 147571,02764 | 58 | 2715,47887 | 7370,62053 
 20 | 48 | 147571,03134 | 59 | 3086,48483 | 7370,62423 
 20 | 31 | 147571,06629 | 60 | 2788,44214 | 7370,65919 
 20 |  5 | 147571,08969 | 61 | 4796,57110 | 7370,68258 
 20 |  2 | 147571,09379 | 62 | 5206,48181 | 7370,68668 
 20 | 34 | 147571,17732 | 63 | 2041,57549 | 7370,77021 
 21 |  3 | 154822,99994 |  0 | 7188,02404 | 7251,73389 
 21 | 33 | 154941,16136 |  1 | 2204,71920 | 7369,89531 
 21 | 38 | 154941,19123 |  2 | 2679,69766 | 7369,92519 
 21 | 36 | 154941,19125 |  3 | 2784,75503 | 7369,92520 
 21 |  0 | 154941,22653 |  4 | 6951,69980 | 7369,96048 
 21 | 13 | 154941,26064 |  5 | 4202,85599 | 7369,99459 
 21 | 20 | 154941,31924 |  6 | 6715,84939 | 7370,05319 
 21 | 37 | 154941,34195 |  7 | 2526,93374 | 7370,07590 
 21 | 53 | 154941,34604 |  8 | 2888,87389 | 7370,07999 
 21 | 22 | 154941,34626 |  9 | 3055,90915 | 7370,08021 
 21 | 30 | 154941,36835 | 10 | 3056,86518 | 7370,10230 
 21 | 14 | 154941,37590 | 11 | 6408,85970 | 7370,10985 
 21 | 23 | 154941,41749 | 12 | 5085,98583 | 7370,15144 
 21 |  7 | 154941,42180 | 13 | 4978,98587 | 7370,15575 
 21 |  4 | 154941,44362 | 14 | 4154,97746 | 7370,17757 
 21 |  5 | 154941,47357 | 15 | 4799,99455 | 7370,20752 
 21 | 21 | 154941,47883 | 16 | 4017,98028 | 7370,21278 
 21 | 63 | 154941,49312 | 17 | 2893,05019 | 7370,22707 
 21 | 26 | 154941,50888 | 18 | 2374,02125 | 7370,24283 
 21 | 42 | 154941,51612 | 19 | 2682,02261 | 7370,25007 
 21 | 48 | 154941,52177 | 20 | 3085,04989 | 7370,25572 
 21 |  9 | 154941,52551 | 21 | 6997,07097 | 7370,25947 
 21 | 43 | 154941,54269 | 22 | 2987,05347 | 7370,27664 
 21 | 35 | 154941,58593 | 23 | 2306,12386 | 7370,31988 
 21 |  6 | 154941,59711 | 24 | 6471,11179 | 7370,33107 
 21 | 27 | 154941,60766 | 25 | 3038,17582 | 7370,34161 
 21 | 49 | 154941,61818 | 26 | 2686,20233 | 7370,35213 
 21 | 25 | 154941,63237 | 27 | 6490,16424 | 7370,36632 
 21 | 62 | 154941,63892 | 28 | 2582,18832 | 7370,37287 
 21 | 29 | 154941,64791 | 29 | 2580,21651 | 7370,38186 
 21 | 52 | 154941,66109 | 30 | 2766,26882 | 7370,39504 
 21 | 41 | 154941,67647 | 31 | 2870,28385 | 7370,41042 
 21 | 44 | 154941,67972 | 32 | 2884,22435 | 7370,41368 
 21 | 19 | 154941,68118 | 33 | 2716,28192 | 7370,41513 
 21 | 18 | 154941,70996 | 34 | 3465,22495 | 7370,44391 
 21 | 12 | 154941,71994 | 35 | 5094,30778 | 7370,45389 
 21 | 57 | 154941,74112 | 36 | 3037,32099 | 7370,47507 
 21 | 54 | 154941,75820 | 37 | 2526,32073 | 7370,49215 
 21 | 17 | 154941,76716 | 38 | 2428,29205 | 7370,50111 
 21 | 60 | 154941,77180 | 39 | 2745,37755 | 7370,50576 
 21 | 16 | 154941,77483 | 40 | 5647,39665 | 7370,50878 
 21 | 24 | 154941,79756 | 41 | 6257,35750 | 7370,53151 
 21 | 58 | 154941,81154 | 42 | 2237,36377 | 7370,54549 
 21 |  8 | 154941,88655 | 43 | 5849,49006 | 7370,62050 
 21 | 15 | 154941,88914 | 44 | 5543,46976 | 7370,62309 
 21 | 40 | 154941,89365 | 45 | 2951,43638 | 7370,62760 
 21 |  2 | 154941,90500 | 46 | 5210,48125 | 7370,63895 
 21 | 56 | 154941,91180 | 47 | 3055,47147 | 7370,64575 
 21 | 46 | 154941,92055 | 48 | 3086,52646 | 7370,65450 
 21 | 32 | 154941,92229 | 49 | 2663,52854 | 7370,65624 
 21 | 55 | 154941,92533 | 50 | 2969,49827 | 7370,65928 
 21 | 45 | 154941,96825 | 51 | 2714,50471 | 7370,70220 
 21 | 28 | 154942,02005 | 52 | 2867,60486 | 7370,75400 
 21 |  1 | 154942,02118 | 53 | 5087,56308 | 7370,75513 
 21 | 61 | 154942,02736 | 54 | 2985,54458 | 7370,76131 
 21 | 39 | 154942,06007 | 55 | 2393,64986 | 7370,79402 
 21 | 10 | 154942,06066 | 56 | 2801,58638 | 7370,79461 
 21 | 11 | 154942,06159 | 57 | 4662,62845 | 7370,79555 
 21 | 47 | 154942,06696 | 58 | 2986,66806 | 7370,80091 
 21 | 31 | 154942,10179 | 59 | 2787,67168 | 7370,83574 
 21 | 34 | 154942,10843 | 60 | 2038,64829 | 7370,84238 
 21 | 51 | 154942,14718 | 61 | 2921,70397 | 7370,88113 
 21 | 50 | 154942,16204 | 62 | 2952,69018 | 7370,89600 
 21 | 59 | 154942,19021 | 63 | 2951,74119 | 7370,92416 
 22 |  3 | 162188,16837 |  0 | 7183,92826 | 7245,88168 
 22 | 56 | 162312,41468 |  1 | 3051,93756 | 7370,12799 
 22 | 38 | 162312,42367 |  2 | 2683,93539 | 7370,13698 
 22 | 11 | 162312,46337 |  3 | 4666,97068 | 7370,17668 
 22 | 48 | 162312,47531 |  4 | 3085,01723 | 7370,18862 
 22 | 20 | 162312,48169 |  5 | 6707,90365 | 7370,19500 
 22 | 15 | 162312,50145 |  6 | 5547,90748 | 7370,21476 
 22 | 29 | 162312,50765 |  7 | 2581,96049 | 7370,22096 
 22 |  5 | 162312,52093 |  8 | 4799,00630 | 7370,23424 
 22 | 26 | 162312,53781 |  9 | 2375,03821 | 7370,25112 
 22 | 34 | 162312,55259 | 10 | 2039,09202 | 7370,26590 
 22 | 55 | 162312,56751 | 11 | 2968,04812 | 7370,28082 
 22 |  9 | 162312,58304 | 12 | 7001,12732 | 7370,29635 
 22 | 40 | 162312,60209 | 13 | 2955,08205 | 7370,31540 
 22 | 25 | 162312,60304 | 14 | 6494,03643 | 7370,31635 
 22 | 45 | 162312,62397 | 15 | 2712,09301 | 7370,33728 
 22 | 35 | 162312,63144 | 16 | 2310,14505 | 7370,34475 
 22 | 37 | 162312,66913 | 17 | 2528,13457 | 7370,38244 
 22 | 61 | 162312,67254 | 18 | 2983,08201 | 7370,38585 
 22 | 13 | 162312,67337 | 19 | 4203,13211 | 7370,38668 
 22 | 17 | 162312,67438 | 20 | 2428,17337 | 7370,38768 
 22 |  1 | 162312,70358 | 21 | 5083,21673 | 7370,41689 
 22 | 54 | 162312,71198 | 22 | 2526,19670 | 7370,42529 
 22 | 24 | 162312,71327 | 23 | 6259,23586 | 7370,42658 
 22 | 43 | 162312,72961 | 24 | 2985,17661 | 7370,44292 
 22 | 27 | 162312,73821 | 25 | 3036,19787 | 7370,45152 
 22 | 21 | 162312,75820 | 26 | 4020,27180 | 7370,47151 
 22 | 31 | 162312,76093 | 27 | 2783,18085 | 7370,47424 
 22 | 28 | 162312,78284 | 28 | 2868,33288 | 7370,49614 
 22 | 19 | 162312,79037 | 29 | 2717,23472 | 7370,50368 
 22 | 36 | 162312,85796 | 30 | 2784,29159 | 7370,57127 
 22 | 57 | 162312,86926 | 31 | 3033,28687 | 7370,58257 
 22 | 18 | 162312,91404 | 32 | 3459,38368 | 7370,62735 
 22 | 42 | 162312,91887 | 33 | 2678,40029 | 7370,63218 
 22 | 59 | 162312,92081 | 34 | 2950,43402 | 7370,63412 
 22 | 14 | 162312,93251 | 35 | 6416,42191 | 7370,64581 
 22 |  2 | 162312,95308 | 36 | 5209,48836 | 7370,66639 
 22 | 10 | 162312,96573 | 37 | 2803,50286 | 7370,67904 
 22 | 62 | 162312,97590 | 38 | 2582,40170 | 7370,68921 
 22 | 22 | 162313,01588 | 39 | 3055,58812 | 7370,72918 
 22 | 44 | 162313,04006 | 40 | 2887,56823 | 7370,75337 
 22 | 12 | 162313,07218 | 41 | 5085,51770 | 7370,78549 
 22 | 51 | 162313,08081 | 42 | 2918,56294 | 7370,79412 
 22 | 49 | 162313,09729 | 43 | 2682,54086 | 7370,81060 
 22 | 60 | 162313,12530 | 44 | 2746,64671 | 7370,83860 
 22 | 30 | 162313,13736 | 45 | 3057,69322 | 7370,85067 
 22 | 63 | 162313,13942 | 46 | 2884,60582 | 7370,85273 
 22 | 53 | 162313,14126 | 47 | 2887,70319 | 7370,85457 
 22 |  7 | 162313,15308 | 48 | 4983,69526 | 7370,86639 
 22 | 32 | 162313,15496 | 49 | 2661,59283 | 7370,86827 
 22 | 47 | 162313,16772 | 50 | 2987,60569 | 7370,88103 
 22 |  8 | 162313,16937 | 51 | 5855,73719 | 7370,88268 
 22 | 23 | 162313,17269 | 52 | 5083,71682 | 7370,88600 
 22 | 39 | 162313,22428 | 53 | 2393,79227 | 7370,93759 
 22 | 33 | 162313,25005 | 54 | 2207,71256 | 7370,96336 
 22 |  4 | 162313,26896 | 55 | 4154,79001 | 7370,98227 
 22 | 52 | 162313,27699 | 56 | 2765,80379 | 7370,99030 
 22 | 16 | 162313,28875 | 57 | 5641,83503 | 7371,00206 
 22 | 58 | 162313,30530 | 58 | 2236,84273 | 7371,01861 
 22 | 41 | 162313,30677 | 59 | 2867,89470 | 7371,02008 
 22 | 50 | 162313,33867 | 60 | 2954,85631 | 7371,05198 
 22 |  0 | 162313,36564 | 61 | 6944,84225 | 7371,07895 
 22 |  6 | 162313,37421 | 62 | 6456,90699 | 7371,08752 
 22 | 46 | 162313,40185 | 63 | 3088,88964 | 7371,11516 
 23 |  9 | 169369,55312 |  0 | 7006,35733 | 7056,07388 
 23 |  3 | 169556,65278 |  1 | 7186,45995 | 7243,17354 
 23 | 15 | 169683,64199 |  2 | 5548,04201 | 7370,16275 
 23 | 11 | 169683,68904 |  3 | 4669,08908 | 7370,20980 
 23 | 39 | 169683,70993 |  4 | 2395,05317 | 7370,23069 
 23 | 63 | 169683,71869 |  5 | 2887,10023 | 7370,23945 
 23 | 24 | 169683,72903 |  6 | 6255,03198 | 7370,24979 
 23 | 17 | 169683,73135 |  7 | 2427,10464 | 7370,25211 
 23 |  5 | 169683,74055 |  8 | 4794,12770 | 7370,26131 
 23 |  8 | 169683,75646 |  9 | 5855,10963 | 7370,27722 
 23 | 26 | 169683,78482 | 10 | 2373,15013 | 7370,30558 
 23 | 58 | 169683,79165 | 11 | 2240,13984 | 7370,31241 
 23 |  2 | 169683,80068 | 12 | 5206,18210 | 7370,32144 
 23 | 42 | 169683,81582 | 13 | 2682,15889 | 7370,33658 
 23 | 16 | 169683,83259 | 14 | 5645,17090 | 7370,35335 
 23 | 50 | 169683,83435 | 15 | 2954,20102 | 7370,35511 
 23 | 28 | 169683,86104 | 16 | 2871,16790 | 7370,38180 
 23 | 19 | 169683,86182 | 17 | 2718,25830 | 7370,38258 
 23 | 54 | 169683,86780 | 18 | 2530,18880 | 7370,38856 
 23 | 35 | 169683,91343 | 19 | 2306,31171 | 7370,43419 
 23 | 20 | 169683,92956 | 20 | 6721,23612 | 7370,45032 
 23 | 55 | 169683,93486 | 21 | 2972,33199 | 7370,45561 
 23 | 38 | 169683,93644 | 22 | 2682,29905 | 7370,45720 
 23 | 12 | 169683,95692 | 23 | 5088,29814 | 7370,47768 
 23 | 27 | 169683,95875 | 24 | 3037,31818 | 7370,47950 
 23 | 62 | 169683,95899 | 25 | 2579,29735 | 7370,47975 
 23 | 36 | 169683,96596 | 26 | 2788,27294 | 7370,48672 
 23 |  6 | 169683,97161 | 27 | 6467,26553 | 7370,49237 
 23 | 25 | 169684,04530 | 28 | 6490,38432 | 7370,56605 
 23 | 13 | 169684,05464 | 29 | 4209,36283 | 7370,57540 
 23 | 23 | 169684,07780 | 30 | 5087,38743 | 7370,59855 
 23 | 30 | 169684,10967 | 31 | 3057,39577 | 7370,63043 
 23 | 14 | 169684,11896 | 32 | 6408,52035 | 7370,63972 
 23 | 46 | 169684,17886 | 33 | 3089,53591 | 7370,69962 
 23 |  0 | 169684,18542 | 34 | 6956,48342 | 7370,70618 
 23 | 48 | 169684,18942 | 35 | 3082,50485 | 7370,71018 
 23 | 59 | 169684,19157 | 36 | 2950,49364 | 7370,71233 
 23 | 52 | 169684,20915 | 37 | 2763,57976 | 7370,72991 
 23 | 61 | 169684,25807 | 38 | 2987,66635 | 7370,77883 
 23 |  7 | 169684,26552 | 39 | 4989,64209 | 7370,78628 
 23 |  1 | 169684,26656 | 40 | 5088,57522 | 7370,78732 
 23 | 33 | 169684,27277 | 41 | 2207,58386 | 7370,79353 
 23 | 45 | 169684,27725 | 42 | 2712,63958 | 7370,79801 
 23 | 32 | 169684,28448 | 43 | 2666,59774 | 7370,80523 
 23 | 22 | 169684,28978 | 44 | 3054,68081 | 7370,81054 
 23 | 10 | 169684,30819 | 45 | 2802,67617 | 7370,82894 
 23 | 53 | 169684,33457 | 46 | 2888,64920 | 7370,85532 
 23 | 56 | 169684,35938 | 47 | 3055,70647 | 7370,88014 
 23 | 41 | 169684,36095 | 48 | 2866,75366 | 7370,88171 
 23 | 47 | 169684,39293 | 49 | 2983,79700 | 7370,91369 
 23 | 51 | 169684,41038 | 50 | 2919,76305 | 7370,93114 
 23 | 44 | 169684,42712 | 51 | 2886,78767 | 7370,94787 
 23 |  4 | 169684,48729 | 52 | 4153,84014 | 7371,00805 
 23 | 40 | 169684,48943 | 53 | 2949,81036 | 7371,01019 
 23 | 34 | 169684,49229 | 54 | 2039,89761 | 7371,01305 
 23 | 21 | 169684,49232 | 55 | 4016,87563 | 7371,01308 
 23 | 31 | 169684,49958 | 56 | 2787,89751 | 7371,02034 
 23 | 60 | 169684,54952 | 57 | 2746,91708 | 7371,07028 
 23 | 37 | 169684,56703 | 58 | 2530,94308 | 7371,08779 
 23 | 57 | 169684,56921 | 59 | 3035,96045 | 7371,08997 
 23 | 29 | 169684,59240 | 60 | 2578,97432 | 7371,11316 
 23 | 18 | 169684,64746 | 61 | 3460,99129 | 7371,16822 
 23 | 49 | 169684,65029 | 62 | 2687,06311 | 7371,17105 
 23 | 43 | 169684,75786 | 63 | 2988,08428 | 7371,27862 
 24 |  3 | 176927,11482 |  0 | 7187,14002 | 7242,25831 
 24 | 61 | 177055,22995 |  1 | 2986,21724 | 7370,37344 
 24 | 39 | 177055,26875 |  2 | 2395,21463 | 7370,41225 
 24 | 40 | 177055,27217 |  3 | 2948,22902 | 7370,41566 
 24 | 49 | 177055,27231 |  4 | 2685,27538 | 7370,41580 
 24 | 58 | 177055,30726 |  5 | 2241,27081 | 7370,45075 
 24 | 18 | 177055,32606 |  6 | 3460,34085 | 7370,46955 
 24 | 13 | 177055,35099 |  7 | 4208,30635 | 7370,49448 
 24 | 41 | 177055,37359 |  8 | 2872,29094 | 7370,51708 
 24 | 37 | 177055,37847 |  9 | 2530,30727 | 7370,52196 
 24 | 29 | 177055,39937 | 10 | 2579,32390 | 7370,54286 
 24 | 50 | 177055,40410 | 11 | 2953,39796 | 7370,54760 
 24 |  4 | 177055,40811 | 12 | 4156,32939 | 7370,55160 
 24 |  9 | 177055,42465 | 13 | 6999,41261 | 7370,56814 
 24 | 28 | 177055,43323 | 14 | 2870,39271 | 7370,57673 
 24 | 31 | 177055,43748 | 15 | 2788,34560 | 7370,58097 
 24 | 22 | 177055,44433 | 16 | 3057,43183 | 7370,58782 
 24 | 23 | 177055,47647 | 17 | 5084,49097 | 7370,61996 
 24 | 17 | 177055,48966 | 18 | 2431,44303 | 7370,63316 
 24 |  0 | 177055,49528 | 19 | 6948,47946 | 7370,63877 
 24 | 56 | 177055,52849 | 20 | 3057,41088 | 7370,67198 
 24 | 19 | 177055,53002 | 21 | 2715,50277 | 7370,67351 
 24 | 53 | 177055,60960 | 22 | 2887,59599 | 7370,75310 
 24 | 62 | 177055,63639 | 23 | 2580,59935 | 7370,77988 
 24 | 34 | 177055,66738 | 24 | 2040,65919 | 7370,81087 
 24 | 10 | 177055,68998 | 25 | 2803,63198 | 7370,83347 
 24 | 30 | 177055,69521 | 26 | 3055,71099 | 7370,83870 
 24 | 25 | 177055,69710 | 27 | 6488,63392 | 7370,84059 
 24 | 24 | 177055,69854 | 28 | 6261,67145 | 7370,84203 
 24 | 26 | 177055,70920 | 29 | 2374,66804 | 7370,85269 
 24 | 38 | 177055,71631 | 30 | 2682,61100 | 7370,85980 
 24 | 44 | 177055,75381 | 31 | 2885,77022 | 7370,89730 
 24 | 43 | 177055,77286 | 32 | 2986,76326 | 7370,91636 
 24 | 12 | 177055,80831 | 33 | 5083,75860 | 7370,95181 
 24 | 48 | 177055,81014 | 34 | 3086,79657 | 7370,95363 
 24 | 63 | 177055,81514 | 35 | 2884,75974 | 7370,95863 
 24 | 55 | 177055,87395 | 36 | 2970,86312 | 7371,01744 
 24 | 60 | 177055,87886 | 37 | 2747,82208 | 7371,02235 
 24 |  2 | 177055,90725 | 38 | 5203,86962 | 7371,05074 
 24 | 36 | 177055,93517 | 39 | 2787,91971 | 7371,07866 
 24 | 52 | 177055,94437 | 40 | 2767,93492 | 7371,08787 
 24 | 14 | 177055,94758 | 41 | 6406,91022 | 7371,09107 
 24 | 11 | 177055,95113 | 42 | 4663,90545 | 7371,09463 
 24 | 46 | 177055,95234 | 43 | 3090,91000 | 7371,09583 
 24 | 57 | 177055,95257 | 44 | 3034,96834 | 7371,09607 
 24 | 35 | 177055,95397 | 45 | 2306,98875 | 7371,09746 
 24 | 27 | 177055,97053 | 46 | 3035,91987 | 7371,11402 
 24 |  1 | 177055,97332 | 47 | 5083,00727 | 7371,11682 
 24 | 32 | 177055,97540 | 48 | 2669,92612 | 7371,11889 
 24 | 45 | 177055,98565 | 49 | 2716,01752 | 7371,12914 
 24 | 33 | 177056,01339 | 50 | 2209,95463 | 7371,15688 
 24 | 20 | 177056,01905 | 51 | 6716,97223 | 7371,16254 
 24 | 15 | 177056,03961 | 52 | 5543,00716 | 7371,18311 
 24 | 54 | 177056,05468 | 53 | 2529,01883 | 7371,19818 
 24 |  5 | 177056,06850 | 54 | 4798,02499 | 7371,21199 
 24 |  7 | 177056,07019 | 55 | 4987,01258 | 7371,21368 
 24 | 16 | 177056,08049 | 56 | 5646,04764 | 7371,22399 
 24 | 47 | 177056,10171 | 57 | 2989,06177 | 7371,24520 
 24 | 59 | 177056,15173 | 58 | 2952,16678 | 7371,29523 
 24 | 42 | 177056,16615 | 59 | 2685,11406 | 7371,30965 
 24 |  6 | 177056,16926 | 60 | 6466,19293 | 7371,31275 
 24 | 21 | 177056,17089 | 61 | 4017,16648 | 7371,31438 
 24 | 51 | 177056,18464 | 62 | 2925,11838 | 7371,32814 
 24 |  8 | 177056,18956 | 63 | 5851,19117 | 7371,33305 
 25 |  3 | 184288,59791 |  0 | 7184,87477 | 7232,31718 
 25 | 63 | 184426,79337 |  1 | 2885,37294 | 7370,51263 
 25 |  4 | 184426,82929 |  2 | 4150,40303 | 7370,54855 
 25 |  9 | 184426,86169 |  3 | 6995,38308 | 7370,58095 
 25 | 39 | 184426,87864 |  4 | 2391,46739 | 7370,59790 
 25 | 16 | 184426,88568 |  5 | 5638,38896 | 7370,60495 
 25 | 45 | 184426,89128 |  6 | 2716,44481 | 7370,61054 
 25 | 31 | 184426,93807 |  7 | 2785,50505 | 7370,65734 
 25 | 40 | 184426,93993 |  8 | 2953,44050 | 7370,65919 
 25 | 44 | 184426,99091 |  9 | 2884,53309 | 7370,71018 
 25 | 19 | 184426,99115 | 10 | 2715,57797 | 7370,71041 
 25 | 42 | 184427,03721 | 11 | 2679,62074 | 7370,75647 
 25 | 54 | 184427,07309 | 12 | 2528,64400 | 7370,79235 
 25 | 29 | 184427,08284 | 13 | 2578,62531 | 7370,80210 
 25 | 24 | 184427,08646 | 14 | 6257,62256 | 7370,80573 
 25 | 38 | 184427,08697 | 15 | 2680,67847 | 7370,80623 
 25 | 26 | 184427,10121 | 16 | 2373,61440 | 7370,82047 
 25 | 50 | 184427,14336 | 17 | 2950,72912 | 7370,86262 
 25 | 13 | 184427,14483 | 18 | 4205,70301 | 7370,86409 
 25 | 56 | 184427,17506 | 19 | 3055,69947 | 7370,89432 
 25 | 46 | 184427,19569 | 20 | 3087,74496 | 7370,91495 
 25 | 23 | 184427,20105 | 21 | 5085,71391 | 7370,92031 
 25 | 20 | 184427,22180 | 22 | 6716,74803 | 7370,94106 
 25 | 51 | 184427,23463 | 23 | 2917,79778 | 7370,95389 
 25 | 12 | 184427,24216 | 24 | 5085,80982 | 7370,96142 
 25 | 15 | 184427,27160 | 25 | 5546,85378 | 7370,99086 
 25 | 53 | 184427,27845 | 26 | 2885,80771 | 7370,99771 
 25 | 48 | 184427,28030 | 27 | 3088,86703 | 7370,99956 
 25 | 47 | 184427,29871 | 28 | 2984,82248 | 7371,01797 
 25 | 32 | 184427,31833 | 29 | 2665,90777 | 7371,03760 
 25 | 18 | 184427,32464 | 30 | 3456,94395 | 7371,04390 
 25 | 14 | 184427,32721 | 31 | 6402,93563 | 7371,04647 
 25 | 59 | 184427,33628 | 32 | 2951,95425 | 7371,05554 
 25 | 11 | 184427,34074 | 33 | 4662,84380 | 7371,06001 
 25 | 62 | 184427,34487 | 34 | 2582,96423 | 7371,06413 
 25 | 55 | 184427,35375 | 35 | 2969,87199 | 7371,07301 
 25 | 57 | 184427,35748 | 36 | 3039,90626 | 7371,07674 
 25 | 52 | 184427,36652 | 37 | 2768,95519 | 7371,08578 
 25 | 35 | 184427,36925 | 38 | 2307,95601 | 7371,08851 
 25 | 21 | 184427,37985 | 39 | 4018,97545 | 7371,09912 
 25 |  6 | 184427,38312 | 40 | 6459,92710 | 7371,10238 
 25 |  0 | 184427,40642 | 41 | 6951,92472 | 7371,12569 
 25 |  2 | 184427,43181 | 42 | 5211,96959 | 7371,15107 
 25 | 43 | 184427,44312 | 43 | 2983,01703 | 7371,16238 
 25 | 25 | 184427,44346 | 44 | 6492,01802 | 7371,16272 
 25 | 58 | 184427,45885 | 45 | 2241,98959 | 7371,17812 
 25 | 61 | 184427,47912 | 46 | 2988,98807 | 7371,19839 
 25 | 36 | 184427,50729 | 47 | 2789,02564 | 7371,22655 
 25 |  7 | 184427,52688 | 48 | 4980,11743 | 7371,24615 
 25 | 30 | 184427,52890 | 49 | 3054,11226 | 7371,24816 
 25 |  1 | 184427,53237 | 50 | 5089,04123 | 7371,25163 
 25 | 17 | 184427,54038 | 51 | 2429,06127 | 7371,25964 
 25 | 22 | 184427,54962 | 52 | 3052,15555 | 7371,26888 
 25 |  8 | 184427,59667 | 53 | 5859,12540 | 7371,31593 
 25 | 37 | 184427,63848 | 54 | 2525,18358 | 7371,35774 
 25 | 49 | 184427,67343 | 55 | 2683,28081 | 7371,39269 
 25 | 33 | 184427,68517 | 56 | 2206,28657 | 7371,40443 
 25 | 28 | 184427,69860 | 57 | 2868,29307 | 7371,41787 
 25 | 60 | 184427,74721 | 58 | 2745,30707 | 7371,46647 
 25 | 27 | 184427,76578 | 59 | 3036,33484 | 7371,48504 
 25 |  5 | 184427,77183 | 60 | 4802,33764 | 7371,49109 
 25 | 34 | 184427,79254 | 61 | 2038,31107 | 7371,51180 
 25 | 41 | 184427,79979 | 62 | 2870,35796 | 7371,51905 
 25 | 10 | 184427,83319 | 63 | 2798,35683 | 7371,55245 
 26 |  9 | 191486,68702 |  0 | 7003,13798 | 7058,76330 
 26 |  3 | 191678,89883 |  1 | 7192,50852 | 7250,97511 
 26 | 21 | 191798,67939 |  2 | 4016,61001 | 7370,75567 
 26 | 16 | 191798,68639 |  3 | 5643,63376 | 7370,76267 
 26 | 22 | 191798,69372 |  4 | 3054,57156 | 7370,77000 
 26 | 39 | 191798,69782 |  5 | 2393,59026 | 7370,77410 
 26 | 51 | 191798,73810 |  6 | 2918,63681 | 7370,81438 
 26 | 58 | 191798,74035 |  7 | 2240,59822 | 7370,81663 
 26 | 25 | 191798,75837 |  8 | 6489,61438 | 7370,83465 
 26 | 59 | 191798,80310 |  9 | 2951,67909 | 7370,87938 
 26 | 44 | 191798,80571 | 10 | 2888,74081 | 7370,88199 
 26 | 60 | 191798,82703 | 11 | 2749,76539 | 7370,90331 
 26 |  8 | 191798,83253 | 12 | 5850,79012 | 7370,90881 
 26 | 10 | 191798,85046 | 13 | 2802,78041 | 7370,92674 
 26 | 52 | 191798,88269 | 14 | 2769,73618 | 7370,95897 
 26 | 40 | 191798,89166 | 15 | 2952,83926 | 7370,96794 
 26 | 35 | 191798,89987 | 16 | 2307,81324 | 7370,97614 
 26 | 27 | 191798,91076 | 17 | 3035,77899 | 7370,98704 
 26 | 38 | 191798,94022 | 18 | 2685,84370 | 7371,01650 
 26 | 30 | 191798,94996 | 19 | 3055,86881 | 7371,02624 
 26 | 17 | 191798,95675 | 20 | 2425,90334 | 7371,03303 
 26 | 28 | 191798,98677 | 21 | 2867,91756 | 7371,06305 
 26 | 13 | 191798,99657 | 22 | 4207,86895 | 7371,07285 
 26 | 46 | 191799,00646 | 23 | 3087,96593 | 7371,08274 
 26 | 18 | 191799,02031 | 24 | 3461,99949 | 7371,09659 
 26 | 45 | 191799,02147 | 25 | 2714,97823 | 7371,09775 
 26 | 53 | 191799,02176 | 26 | 2887,93520 | 7371,09804 
 26 | 14 | 191799,02330 | 27 | 6415,91586 | 7371,09958 
 26 | 34 | 191799,02670 | 28 | 2040,92725 | 7371,10298 
 26 | 11 | 191799,04039 | 29 | 4661,97836 | 7371,11666 
 26 | 31 | 191799,06009 | 30 | 2782,00952 | 7371,13637 
 26 | 26 | 191799,10011 | 31 | 2376,02035 | 7371,17639 
 26 | 12 | 191799,11640 | 32 | 5089,02153 | 7371,19268 
 26 | 33 | 191799,12013 | 33 | 2209,99978 | 7371,19641 
 26 | 61 | 191799,13381 | 34 | 2988,03157 | 7371,21009 
 26 | 57 | 191799,15515 | 35 | 3038,11117 | 7371,23143 
 26 | 23 | 191799,16006 | 36 | 5086,10810 | 7371,23634 
 26 | 63 | 191799,16152 | 37 | 2889,11844 | 7371,23779 
 26 | 50 | 191799,19641 | 38 | 2954,14018 | 7371,27269 
 26 | 42 | 191799,23808 | 39 | 2683,13944 | 7371,31436 
 26 | 56 | 191799,24247 | 40 | 3054,17205 | 7371,31875 
 26 | 48 | 191799,27904 | 41 | 3087,24308 | 7371,35532 
 26 | 29 | 191799,28057 | 42 | 2581,21089 | 7371,35685 
 26 | 15 | 191799,28724 | 43 | 5545,23652 | 7371,36352 
 26 |  6 | 191799,28782 | 44 | 6462,14854 | 7371,36410 
 26 |  7 | 191799,29487 | 45 | 4987,16704 | 7371,37114 
 26 | 24 | 191799,29855 | 46 | 6260,22839 | 7371,37483 
 26 | 19 | 191799,33922 | 47 | 2716,27276 | 7371,41550 
 26 |  1 | 191799,36886 | 48 | 5090,28023 | 7371,44514 
 26 | 54 | 191799,37140 | 49 | 2529,29665 | 7371,44768 
 26 |  2 | 191799,37925 | 50 | 5206,35197 | 7371,45553 
 26 | 55 | 191799,40192 | 51 | 2974,31166 | 7371,47820 
 26 | 47 | 191799,41245 | 52 | 2987,33053 | 7371,48873 
 26 | 41 | 191799,42343 | 53 | 2867,31970 | 7371,49970 
 26 |  0 | 191799,48468 | 54 | 6951,39687 | 7371,56096 
 26 | 62 | 191799,52174 | 55 | 2579,44105 | 7371,59802 
 26 | 43 | 191799,52931 | 56 | 2988,46558 | 7371,60559 
 26 | 36 | 191799,54516 | 57 | 2783,47164 | 7371,62144 
 26 | 49 | 191799,57552 | 58 | 2684,47151 | 7371,65180 
 26 | 37 | 191799,58880 | 59 | 2529,53332 | 7371,66508 
 26 | 32 | 191799,59584 | 60 | 2660,47775 | 7371,67211 
 26 | 20 | 191799,60105 | 61 | 6718,48900 | 7371,67733 
 26 |  4 | 191799,61642 | 62 | 4158,51355 | 7371,69270 
 26 |  5 | 191799,65153 | 63 | 4794,58207 | 7371,72781 
 27 |  3 | 199045,55548 |  0 | 7187,33462 | 7245,80440 
 27 |  2 | 199170,72001 |  1 | 5208,74728 | 7370,96893 
 27 | 34 | 199170,72642 |  2 | 2041,77612 | 7370,97534 
 27 | 29 | 199170,73629 |  3 | 2579,84465 | 7370,98522 
 27 | 54 | 199170,78063 |  4 | 2530,88818 | 7371,02955 
 27 | 63 | 199170,80971 |  5 | 2888,88519 | 7371,05863 
 27 | 49 | 199170,81234 |  6 | 2683,89641 | 7371,06126 
 27 |  6 | 199170,82038 |  7 | 6468,90674 | 7371,06930 
 27 | 19 | 199170,82641 |  8 | 2717,84115 | 7371,07533 
 27 | 38 | 199170,83077 |  9 | 2685,86793 | 7371,07969 
 27 | 16 | 199170,83514 | 10 | 5645,84237 | 7371,08406 
 27 | 33 | 199170,85536 | 11 | 2209,88035 | 7371,10428 
 27 | 31 | 199170,85591 | 12 | 2785,92271 | 7371,10484 
 27 | 46 | 199170,88636 | 13 | 3086,87585 | 7371,13528 
 27 | 56 | 199170,89950 | 14 | 3057,95801 | 7371,14842 
 27 | 55 | 199170,90756 | 15 | 2973,99905 | 7371,15648 
 27 |  0 | 199170,91273 | 16 | 6947,94313 | 7371,16166 
 27 | 36 | 199170,91958 | 17 | 2784,98564 | 7371,16850 
 27 | 26 | 199170,93248 | 18 | 2375,96851 | 7371,18140 
 27 | 13 | 199170,94459 | 19 | 4212,02441 | 7371,19352 
 27 |  5 | 199170,95525 | 20 | 4799,98629 | 7371,20417 
 27 |  7 | 199170,97440 | 21 | 4987,97630 | 7371,22332 
 27 | 41 | 199170,98457 | 22 | 2868,02089 | 7371,23349 
 27 | 28 | 199171,00645 | 23 | 2871,11186 | 7371,25537 
 27 |  1 | 199171,01723 | 24 | 5085,06496 | 7371,26615 
 27 | 12 | 199171,01800 | 25 | 5093,09820 | 7371,26692 
 27 | 17 | 199171,02620 | 26 | 2428,01018 | 7371,27512 
 27 | 42 | 199171,03806 | 27 | 2689,14756 | 7371,28698 
 27 | 35 | 199171,04225 | 28 | 2308,11842 | 7371,29117 
 27 | 60 | 199171,08532 | 29 | 2751,15768 | 7371,33424 
 27 | 21 | 199171,12296 | 30 | 4020,18825 | 7371,37188 
 27 | 32 | 199171,13140 | 31 | 2663,20650 | 7371,38032 
 27 | 14 | 199171,13812 | 32 | 6413,17902 | 7371,38704 
 27 | 20 | 199171,15383 | 33 | 6718,18567 | 7371,40275 
 27 | 37 | 199171,20188 | 34 | 2528,27713 | 7371,45080 
 27 | 48 | 199171,20314 | 35 | 3090,31582 | 7371,45206 
 27 | 15 | 199171,22060 | 36 | 5548,33133 | 7371,46953 
 27 | 23 | 199171,23118 | 37 | 5085,28030 | 7371,48010 
 27 | 57 | 199171,23476 | 38 | 3034,24401 | 7371,48368 
 27 | 22 | 199171,25909 | 39 | 3054,31040 | 7371,50801 
 27 | 24 | 199171,28332 | 40 | 6260,33588 | 7371,53224 
 27 | 58 | 199171,31769 | 41 | 2240,33467 | 7371,56662 
 27 | 18 | 199171,32346 | 42 | 3463,44412 | 7371,57238 
 27 | 47 | 199171,33292 | 43 | 2988,40111 | 7371,58184 
 27 |  9 | 199171,35513 | 44 | 6999,34063 | 7371,60405 
 27 |  8 | 199171,37573 | 45 | 5853,45171 | 7371,62465 
 27 |  4 | 199171,38443 | 46 | 4155,42087 | 7371,63335 
 27 | 30 | 199171,38993 | 47 | 3057,46754 | 7371,63885 
 27 | 40 | 199171,39600 | 48 | 2952,48917 | 7371,64493 
 27 | 52 | 199171,40379 | 49 | 2766,45237 | 7371,65271 
 27 | 39 | 199171,42782 | 50 | 2396,46761 | 7371,67675 
 27 | 27 | 199171,43036 | 51 | 3037,56394 | 7371,67929 
 27 | 44 | 199171,43362 | 52 | 2888,55278 | 7371,68254 
 27 | 11 | 199171,43912 | 53 | 4661,53258 | 7371,68804 
 27 | 62 | 199171,48123 | 54 | 2578,55202 | 7371,73015 
 27 | 25 | 199171,48533 | 55 | 6492,53872 | 7371,73426 
 27 | 43 | 199171,51648 | 56 | 2987,64459 | 7371,76541 
 27 | 50 | 199171,53422 | 57 | 2952,60504 | 7371,78315 
 27 | 45 | 199171,54143 | 58 | 2713,60589 | 7371,79035 
 27 | 61 | 199171,54325 | 59 | 2985,61488 | 7371,79218 
 27 | 59 | 199171,56944 | 60 | 2952,65520 | 7371,81836 
 27 | 10 | 199171,59086 | 61 | 2801,69765 | 7371,83978 
 27 | 51 | 199171,59354 | 62 | 2916,62304 | 7371,84246 
 27 | 53 | 199171,65817 | 63 | 2885,70286 | 7371,90709 
 28 |  3 | 206421,00174 |  0 | 7190,47608 | 7249,27666 
 28 | 33 | 206542,74122 |  1 | 2214,86450 | 7371,01614 
 28 | 42 | 206542,77536 |  2 | 2680,88417 | 7371,05028 
 28 | 48 | 206542,77702 |  3 | 3088,88038 | 7371,05195 
 28 | 10 | 206542,78219 |  4 | 2802,93841 | 7371,05711 
 28 | 21 | 206542,78944 |  5 | 4019,95167 | 7371,06436 
 28 | 51 | 206542,80211 |  6 | 2916,93243 | 7371,07703 
 28 | 24 | 206542,80331 |  7 | 6250,95266 | 7371,07823 
 28 | 32 | 206542,81161 |  8 | 2662,93639 | 7371,08653 
 28 | 29 | 206542,82722 |  9 | 2578,93879 | 7371,10215 
 28 | 18 | 206542,83170 | 10 | 3459,93686 | 7371,10662 
 28 | 26 | 206542,83484 | 11 | 2374,99289 | 7371,10976 
 28 | 37 | 206542,85608 | 12 | 2532,94282 | 7371,13100 
 28 | 50 | 206542,88346 | 13 | 2953,03326 | 7371,15838 
 28 | 41 | 206542,90003 | 14 | 2869,02395 | 7371,17495 
 28 | 45 | 206542,91596 | 15 | 2714,99049 | 7371,19088 
 28 |  6 | 206542,93230 | 16 | 6461,02400 | 7371,20722 
 28 | 20 | 206542,96489 | 17 | 6711,07373 | 7371,23981 
 28 | 43 | 206542,98270 | 18 | 2988,06313 | 7371,25763 
 28 | 47 | 206542,99419 | 19 | 2989,06589 | 7371,26911 
 28 | 19 | 206543,00128 | 20 | 2715,07662 | 7371,27620 
 28 | 27 | 206543,02228 | 21 | 3038,14944 | 7371,29720 
 28 |  4 | 206543,02350 | 22 | 4152,07450 | 7371,29842 
 28 | 31 | 206543,03814 | 23 | 2787,17011 | 7371,31306 
 28 | 15 | 206543,06066 | 24 | 5549,12590 | 7371,33558 
 28 | 55 | 206543,06098 | 25 | 2974,17816 | 7371,33590 
 28 |  2 | 206543,06889 | 26 | 5210,14741 | 7371,34381 
 28 |  1 | 206543,07066 | 27 | 5087,17113 | 7371,34558 
 28 | 13 | 206543,08154 | 28 | 4212,20006 | 7371,35646 
 28 |  9 | 206543,11932 | 29 | 7000,17845 | 7371,39424 
 28 | 17 | 206543,16273 | 30 | 2427,23592 | 7371,43765 
 28 | 60 | 206543,16555 | 31 | 2748,21747 | 7371,44047 
 28 | 39 | 206543,22498 | 32 | 2397,36781 | 7371,49990 
 28 | 25 | 206543,22768 | 33 | 6499,36549 | 7371,50260 
 28 | 52 | 206543,24466 | 34 | 2768,35505 | 7371,51958 
 28 | 56 | 206543,25169 | 35 | 3058,41199 | 7371,52661 
 28 | 53 | 206543,25344 | 36 | 2887,36022 | 7371,52836 
 28 | 46 | 206543,26038 | 37 | 3090,41839 | 7371,53530 
 28 | 23 | 206543,31230 | 38 | 5087,39118 | 7371,58722 
 28 |  7 | 206543,31259 | 39 | 4993,43431 | 7371,58751 
 28 | 44 | 206543,31755 | 40 | 2889,40084 | 7371,59247 
 28 | 61 | 206543,32736 | 41 | 2986,45807 | 7371,60228 
 28 | 54 | 206543,34299 | 42 | 2528,42570 | 7371,61791 
 28 |  0 | 206543,35861 | 43 | 6954,45263 | 7371,63353 
 28 | 63 | 206543,37064 | 44 | 2885,42651 | 7371,64556 
 28 | 11 | 206543,37568 | 45 | 4667,43189 | 7371,65060 
 28 | 40 | 206543,38688 | 46 | 2952,55536 | 7371,66180 
 28 | 22 | 206543,39815 | 47 | 3056,49508 | 7371,67307 
 28 | 14 | 206543,41894 | 48 | 6408,57414 | 7371,69386 
 28 | 38 | 206543,43083 | 49 | 2685,58248 | 7371,70575 
 28 | 16 | 206543,43810 | 50 | 5652,52059 | 7371,71303 
 28 | 28 | 206543,45596 | 51 | 2872,57015 | 7371,73088 
 28 | 30 | 206543,46488 | 52 | 3054,59500 | 7371,73980 
 28 | 36 | 206543,52628 | 53 | 2783,66276 | 7371,80120 
 28 | 57 | 206543,54585 | 54 | 3036,68917 | 7371,82077 
 28 | 58 | 206543,59025 | 55 | 2243,70815 | 7371,86517 
 28 | 34 | 206543,59742 | 56 | 2044,69813 | 7371,87234 
 28 |  8 | 206543,60288 | 57 | 5852,72880 | 7371,87780 
 28 | 62 | 206543,61250 | 58 | 2580,75886 | 7371,88742 
 28 |  5 | 206543,64945 | 59 | 4801,75860 | 7371,92437 
 28 | 35 | 206543,68319 | 60 | 2309,77972 | 7371,95811 
 28 | 59 | 206543,72581 | 61 | 2950,84794 | 7372,00073 
 28 | 49 | 206543,72597 | 62 | 2680,89128 | 7372,00090 
 28 | 12 | 206543,75038 | 63 | 5085,87625 | 7372,02530 
